neuron_1,neuron_2,neuron_3,neuron_4,neuron_5,neuron_6,neuron_7,neuron_8,neuron_9,neuron_10,neuron_11,neuron_12,neuron_13,neuron_14,neuron_15,neuron_16,neuron_17,neuron_18,neuron_19,neuron_20
0.00,0.00,0.00,0.00,0.00,0.00,0.00,0.00,0.00,0.00,0.00,0.00,0.00,0.00,0.00,0.00,0.00,0.00,0.00,0.00
0.00,0.00,0.00,0.00,0.00,0.00,0.00,0.00,0.00,0.00,0.00,0.00,0.00,0.00,0.00,0.00,0.00,0.00,0.00,0.00
0.00,0.00,0.00,0.00,0.00,0.00,0.00,0.00,0.00,0.00,0.00,0.00,0.00,0.00,0.00,0.00,0.00,0.00,0.00,0.00
0.14,0.14,0.14,0.14,0.14,0.14,0.14,0.14,0.14,0.14,0.14,0.14,0.14,0.14,0.14,0.14,0.14,0.14,0.14,0.14
0.27,0.27,0.27,0.27,0.27,0.27,0.27,0.27,0.27,0.27,0.27,0.27,0.27,0.27,0.27,0.27,0.27,0.26,0.24,0.22
0.35,0.35,0.35,0.35,0.35,0.35,0.35,0.35,0.35,0.35,0.35,0.35,0.35,0.35,0.35,0.35,0.35,0.32,0.29,0.26
0.38,0.38,0.38,0.38,0.38,0.38,0.38,0.38,0.38,0.38,0.38,0.38,0.38,0.38,0.38,0.38,0.39,0.35,0.31,0.26
0.38,0.38,0.38,0.38,0.38,0.38,0.38,0.38,0.38,0.38,0.38,0.38,0.38,0.38,0.38,0.39,0.41,0.36,0.31,0.26
0.37,0.37,0.37,0.37,0.37,0.37,0.37,0.37,0.37,0.37,0.37,0.37,0.37,0.36,0.37,0.39,0.42,0.38,0.32,0.25
0.36,0.36,0.36,0.36,0.36,0.36,0.36,0.36,0.36,0.36,0.36,0.36,0.35,0.35,0.36,0.39,0.43,0.39,0.33,0.25
0.35,0.35,0.35,0.35,0.35,0.35,0.35,0.35,0.35,0.35,0.35,0.35,0.34,0.33,0.34,0.38,0.44,0.40,0.34,0.26
0.35,0.35,0.35,0.35,0.35,0.35,0.35,0.35,0.35,0.35,0.35,0.35,0.34,0.32,0.32,0.36,0.45,0.41,0.35,0.26
0.35,0.35,0.35,0.35,0.35,0.35,0.35,0.35,0.35,0.35,0.35,0.35,0.34,0.31,0.31,0.35,0.45,0.42,0.36,0.26
0.35,0.35,0.35,0.35,0.35,0.35,0.35,0.35,0.35,0.35,0.36,0.36,0.34,0.30,0.29,0.33,0.45,0.43,0.37,0.27
0.35,0.35,0.35,0.35,0.35,0.35,0.35,0.35,0.35,0.35,0.36,0.37,0.35,0.30,0.27,0.31,0.44,0.43,0.38,0.27
0.35,0.35,0.35,0.35,0.35,0.35,0.35,0.35,0.35,0.35,0.37,0.38,0.37,0.30,0.26,0.29,0.43,0.44,0.39,0.28
0.35,0.35,0.35,0.35,0.35,0.35,0.35,0.34,0.34,0.34,0.37,0.39,0.39,0.30,0.24,0.27,0.42,0.44,0.40,0.28
0.35,0.35,0.35,0.35,0.35,0.35,0.35,0.34,0.33,0.34,0.37,0.41,0.41,0.31,0.24,0.24,0.41,0.43,0.40,0.28
0.35,0.35,0.35,0.35,0.35,0.35,0.35,0.34,0.33,0.32,0.36,0.42,0.43,0.33,0.23,0.22,0.40,0.43,0.41,0.29
0.35,0.35,0.35,0.35,0.35,0.35,0.35,0.34,0.32,0.31,0.35,0.42,0.46,0.34,0.23,0.21,0.39,0.43,0.41,0.29
0.35,0.35,0.35,0.35,0.35,0.35,0.36,0.35,0.31,0.29,0.33,0.42,0.48,0.36,0.24,0.19,0.38,0.42,0.42,0.29
0.35,0.35,0.35,0.34,0.35,0.36,0.37,0.35,0.31,0.27,0.31,0.42,0.51,0.39,0.24,0.18,0.36,0.42,0.42,0.30
0.35,0.35,0.34,0.34,0.34,0.36,0.37,0.36,0.31,0.25,0.29,0.41,0.53,0.41,0.25,0.16,0.35,0.41,0.42,0.30
0.35,0.35,0.34,0.34,0.34,0.36,0.39,0.38,0.32,0.23,0.26,0.40,0.55,0.44,0.27,0.15,0.34,0.41,0.42,0.30
0.35,0.35,0.34,0.33,0.33,0.36,0.40,0.40,0.33,0.21,0.23,0.38,0.56,0.47,0.28,0.14,0.33,0.40,0.42,0.30
0.35,0.35,0.34,0.33,0.32,0.35,0.41,0.42,0.35,0.20,0.19,0.35,0.57,0.49,0.30,0.14,0.32,0.39,0.42,0.31
0.35,0.35,0.34,0.32,0.31,0.34,0.41,0.45,0.37,0.19,0.15,0.32,0.57,0.52,0.32,0.13,0.31,0.39,0.42,0.31
0.35,0.35,0.35,0.32,0.30,0.32,0.42,0.48,0.40,0.19,0.12,0.28,0.57,0.54,0.35,0.13,0.30,0.38,0.42,0.31
0.35,0.36,0.35,0.32,0.28,0.30,0.42,0.51,0.44,0.20,0.09,0.24,0.57,0.56,0.37,0.13,0.29,0.37,0.42,0.31
0.35,0.37,0.36,0.32,0.26,0.27,0.41,0.54,0.49,0.21,0.06,0.19,0.56,0.58,0.40,0.14,0.28,0.36,0.42,0.31
0.35,0.38,0.38,0.32,0.24,0.23,0.39,0.56,0.54,0.23,0.03,0.14,0.54,0.60,0.42,0.14,0.28,0.35,0.41,0.30
0.35,0.38,0.40,0.33,0.22,0.19,0.36,0.58,0.60,0.26,0.01,0.09,0.52,0.61,0.45,0.15,0.27,0.35,0.41,0.30
0.34,0.39,0.42,0.35,0.21,0.14,0.33,0.60,0.66,0.30,0.00,0.04,0.50,0.62,0.47,0.16,0.27,0.34,0.41,0.29
0.33,0.40,0.45,0.38,0.20,0.09,0.28,0.60,0.72,0.35,0.00,0.00,0.47,0.62,0.50,0.17,0.27,0.34,0.40,0.28
0.32,0.40,0.48,0.42,0.21,0.04,0.22,0.60,0.78,0.41,0.00,0.00,0.44,0.63,0.52,0.18,0.27,0.34,0.40,0.26
0.29,0.40,0.51,0.47,0.22,0.00,0.15,0.58,0.84,0.47,0.00,0.00,0.40,0.62,0.54,0.19,0.28,0.34,0.40,0.25
0.26,0.38,0.55,0.53,0.24,0.00,0.07,0.55,0.88,0.53,0.01,0.00,0.36,0.61,0.56,0.20,0.28,0.35,0.40,0.23
0.23,0.36,0.58,0.59,0.28,0.00,0.00,0.50,0.92,0.60,0.03,0.00,0.32,0.60,0.57,0.21,0.29,0.36,0.41,0.22
0.18,0.33,0.59,0.66,0.33,0.00,0.00,0.45,0.95,0.66,0.05,0.00,0.28,0.59,0.59,0.21,0.29,0.38,0.43,0.21
0.13,0.28,0.60,0.73,0.39,0.00,0.00,0.38,0.96,0.72,0.08,0.00,0.24,0.57,0.59,0.22,0.30,0.40,0.46,0.20
0.07,0.21,0.59,0.79,0.46,0.00,0.00,0.30,0.97,0.79,0.11,0.00,0.20,0.55,0.60,0.21,0.30,0.42,0.50,0.21
0.02,0.14,0.56,0.85,0.53,0.00,0.00,0.22,0.96,0.85,0.15,0.00,0.16,0.52,0.60,0.20,0.30,0.45,0.56,0.24
0.00,0.05,0.52,0.89,0.60,0.00,0.00,0.12,0.94,0.90,0.19,0.00,0.13,0.50,0.59,0.19,0.29,0.48,0.62,0.28
0.00,0.00,0.47,0.92,0.68,0.00,0.00,0.02,0.92,0.96,0.24,0.00,0.10,0.48,0.59,0.16,0.26,0.50,0.69,0.33
0.00,0.00,0.41,0.94,0.77,0.00,0.00,0.00,0.88,1.01,0.29,0.00,0.08,0.47,0.58,0.13,0.22,0.50,0.76,0.40
0.00,0.00,0.34,0.94,0.86,0.00,0.00,0.00,0.83,1.06,0.34,0.00,0.07,0.46,0.58,0.09,0.17,0.49,0.82,0.47
0.00,0.00,0.26,0.94,0.96,0.00,0.00,0.00,0.77,1.10,0.40,0.00,0.06,0.46,0.59,0.05,0.10,0.47,0.87,0.54
0.00,0.00,0.17,0.93,1.05,0.00,0.00,0.00,0.70,1.13,0.45,0.00,0.06,0.47,0.61,0.01,0.02,0.43,0.90,0.62
0.00,0.00,0.07,0.91,1.13,0.00,0.00,0.00,0.62,1.15,0.51,0.00,0.06,0.50,0.64,0.00,0.00,0.38,0.93,0.70
0.00,0.00,0.00,0.87,1.21,0.05,0.00,0.00,0.54,1.17,0.56,0.00,0.06,0.53,0.69,0.00,0.00,0.31,0.95,0.80
0.00,0.00,0.00,0.83,1.28,0.11,0.00,0.00,0.45,1.18,0.60,0.00,0.06,0.56,0.74,0.00,0.00,0.24,0.95,0.89
0.00,0.00,0.00,0.78,1.35,0.18,0.00,0.00,0.36,1.18,0.64,0.00,0.05,0.59,0.80,0.00,0.00,0.16,0.94,0.98
0.00,0.00,0.00,0.71,1.40,0.25,0.00,0.00,0.26,1.18,0.67,0.00,0.03,0.60,0.87,0.00,0.00,0.07,0.93,1.07
0.01,0.00,0.00,0.63,1.45,0.34,0.00,0.00,0.17,1.18,0.70,0.00,0.00,0.61,0.94,0.00,0.00,0.00,0.90,1.15
0.07,0.00,0.00,0.53,1.48,0.43,0.00,0.00,0.07,1.17,0.73,0.00,0.00,0.61,1.02,0.00,0.00,0.00,0.86,1.23
0.12,0.00,0.00,0.43,1.50,0.52,0.00,0.00,0.00,1.16,0.76,0.00,0.00,0.60,1.10,0.00,0.00,0.00,0.81,1.30
0.19,0.00,0.00,0.32,1.51,0.62,0.00,0.00,0.00,1.15,0.78,0.00,0.00,0.59,1.18,0.04,0.00,0.00,0.74,1.35
0.27,0.00,0.00,0.20,1.50,0.73,0.00,0.00,0.00,1.13,0.81,0.00,0.00,0.56,1.25,0.08,0.00,0.00,0.66,1.40
0.35,0.00,0.00,0.07,1.49,0.83,0.00,0.00,0.00,1.12,0.84,0.00,0.00,0.52,1.31,0.12,0.00,0.00,0.57,1.43
0.45,0.00,0.00,0.00,1.46,0.92,0.00,0.00,0.00,1.10,0.86,0.00,0.00,0.47,1.37,0.18,0.00,0.00,0.47,1.45
0.55,0.00,0.00,0.00,1.42,1.01,0.00,0.00,0.00,1.07,0.89,0.00,0.00,0.41,1.42,0.24,0.00,0.00,0.35,1.46
0.66,0.00,0.00,0.00,1.37,1.10,0.00,0.00,0.00,1.05,0.93,0.00,0.00,0.34,1.46,0.31,0.00,0.00,0.23,1.46
0.76,0.00,0.00,0.00,1.31,1.18,0.00,0.00,0.00,1.02,0.97,0.00,0.00,0.26,1.49,0.39,0.00,0.00,0.10,1.44
0.86,0.00,0.00,0.00,1.25,1.26,0.00,0.00,0.00,0.99,1.01,0.00,0.00,0.17,1.51,0.48,0.00,0.00,0.00,1.41
0.95,0.00,0.00,0.00,1.18,1.33,0.00,0.00,0.00,0.95,1.07,0.00,0.00,0.07,1.52,0.58,0.00,0.00,0.00,1.37
1.04,0.00,0.00,0.00,1.10,1.40,0.00,0.00,0.00,0.91,1.13,0.00,0.00,0.00,1.52,0.68,0.00,0.00,0.00,1.32
1.12,0.00,0.00,0.00,1.01,1.47,0.00,0.00,0.00,0.87,1.20,0.00,0.00,0.00,1.50,0.79,0.00,0.00,0.00,1.26
1.20,0.00,0.00,0.00,0.93,1.53,0.00,0.00,0.00,0.82,1.27,0.00,0.00,0.00,1.48,0.88,0.00,0.00,0.00,1.20
1.28,0.00,0.00,0.00,0.83,1.59,0.00,0.00,0.00,0.77,1.34,0.00,0.00,0.00,1.44,0.98,0.00,0.00,0.00,1.13
1.35,0.00,0.00,0.00,0.74,1.64,0.00,0.00,0.00,0.70,1.40,0.00,0.00,0.00,1.39,1.06,0.00,0.00,0.00,1.05
1.42,0.00,0.00,0.00,0.64,1.69,0.00,0.00,0.00,0.64,1.46,0.00,0.00,0.00,1.33,1.15,0.00,0.00,0.00,0.97
1.48,0.00,0.00,0.00,0.54,1.74,0.00,0.00,0.00,0.57,1.52,0.00,0.00,0.00,1.27,1.23,0.00,0.00,0.00,0.88
1.54,0.00,0.00,0.00,0.44,1.79,0.00,0.00,0.00,0.49,1.58,0.00,0.00,0.00,1.20,1.30,0.00,0.00,0.00,0.79
1.60,0.00,0.00,0.00,0.34,1.83,0.00,0.00,0.00,0.41,1.63,0.00,0.00,0.00,1.12,1.37,0.00,0.00,0.00,0.69
1.65,0.00,0.00,0.00,0.23,1.87,0.05,0.00,0.00,0.33,1.68,0.00,0.00,0.00,1.03,1.44,0.00,0.00,0.00,0.60
1.70,0.00,0.00,0.00,0.13,1.91,0.14,0.00,0.00,0.25,1.72,0.00,0.00,0.00,0.94,1.50,0.00,0.00,0.00,0.50
1.75,0.00,0.00,0.00,0.02,1.93,0.23,0.00,0.00,0.16,1.77,0.00,0.00,0.00,0.85,1.56,0.00,0.00,0.00,0.40
1.79,0.00,0.00,0.00,0.00,1.95,0.32,0.00,0.00,0.07,1.81,0.00,0.00,0.00,0.76,1.62,0.00,0.00,0.00,0.30
1.83,0.13,0.00,0.00,0.00,1.95,0.43,0.00,0.00,0.00,1.84,0.00,0.00,0.00,0.66,1.67,0.00,0.00,0.00,0.20
1.87,0.26,0.00,0.00,0.00,1.95,0.53,0.00,0.00,0.00,1.88,0.00,0.00,0.00,0.56,1.72,0.00,0.00,0.00,0.08
1.89,0.38,0.00,0.00,0.00,1.93,0.64,0.00,0.00,0.00,1.91,0.00,0.00,0.00,0.45,1.77,0.00,0.00,0.00,0.00
1.90,0.50,0.00,0.00,0.00,1.89,0.75,0.00,0.00,0.00,1.94,0.00,0.00,0.00,0.35,1.81,0.09,0.00,0.00,0.00
1.89,0.61,0.00,0.00,0.00,1.85,0.84,0.00,0.00,0.00,1.97,0.00,0.00,0.00,0.24,1.85,0.22,0.00,0.00,0.00
1.86,0.71,0.00,0.00,0.00,1.80,0.94,0.00,0.00,0.00,2.00,0.00,0.00,0.00,0.13,1.88,0.34,0.00,0.00,0.00
1.82,0.81,0.00,0.00,0.00,1.73,1.03,0.00,0.00,0.00,2.02,0.05,0.00,0.00,0.00,1.89,0.46,0.00,0.00,0.00
1.78,0.91,0.00,0.00,0.00,1.66,1.11,0.00,0.00,0.00,2.04,0.17,0.00,0.00,0.00,1.89,0.57,0.00,0.00,0.00
1.72,1.00,0.00,0.00,0.00,1.58,1.19,0.00,0.00,0.00,2.06,0.30,0.00,0.00,0.00,1.87,0.68,0.00,0.00,0.00
1.65,1.08,0.00,0.00,0.00,1.49,1.27,0.00,0.00,0.00,2.06,0.42,0.00,0.00,0.00,1.83,0.78,0.00,0.00,0.00
1.57,1.17,0.00,0.00,0.00,1.40,1.34,0.00,0.00,0.00,2.04,0.54,0.00,0.00,0.00,1.79,0.88,0.00,0.00,0.00
1.49,1.24,0.00,0.00,0.00,1.30,1.41,0.00,0.00,0.00,2.01,0.65,0.00,0.00,0.00,1.74,0.97,0.00,0.00,0.00
1.40,1.32,0.00,0.00,0.00,1.19,1.48,0.00,0.00,0.00,1.96,0.75,0.00,0.00,0.00,1.67,1.06,0.00,0.00,0.00
1.31,1.39,0.00,0.00,0.00,1.09,1.54,0.00,0.00,0.00,1.91,0.85,0.00,0.00,0.00,1.60,1.14,0.00,0.00,0.00
1.21,1.45,0.00,0.00,0.00,0.98,1.59,0.00,0.00,0.00,1.84,0.95,0.00,0.00,0.00,1.52,1.22,0.00,0.00,0.00
1.11,1.51,0.00,0.00,0.00,0.87,1.65,0.00,0.00,0.00,1.77,1.04,0.00,0.00,0.00,1.44,1.29,0.00,0.00,0.00
1.00,1.57,0.00,0.00,0.00,0.75,1.70,0.00,0.00,0.00,1.68,1.12,0.00,0.00,0.00,1.34,1.36,0.00,0.00,0.00
0.89,1.63,0.00,0.00,0.00,0.64,1.75,0.00,0.00,0.00,1.59,1.20,0.00,0.00,0.00,1.25,1.43,0.00,0.00,0.00
0.78,1.68,0.00,0.00,0.00,0.52,1.79,0.00,0.00,0.00,1.50,1.28,0.00,0.00,0.00,1.15,1.49,0.00,0.00,0.00
0.67,1.73,0.00,0.00,0.00,0.41,1.83,0.00,0.00,0.00,1.39,1.35,0.00,0.00,0.00,1.04,1.55,0.00,0.00,0.00
0.56,1.77,0.00,0.00,0.00,0.29,1.87,0.00,0.00,0.00,1.29,1.42,0.00,0.00,0.00,0.94,1.61,0.00,0.00,0.00
0.44,1.81,0.00,0.00,0.00,0.17,1.91,0.00,0.00,0.00,1.18,1.49,0.00,0.00,0.00,0.83,1.66,0.00,0.00,0.00
0.33,1.85,0.00,0.00,0.00,0.06,1.94,0.00,0.00,0.00,1.06,1.55,0.00,0.00,0.00,0.72,1.71,0.00,0.00,0.00
0.21,1.89,0.00,0.00,0.00,0.00,1.98,0.00,0.00,0.00,0.95,1.61,0.00,0.00,0.00,0.60,1.75,0.00,0.00,0.00
0.10,1.93,0.00,0.00,0.00,0.00,2.00,0.00,0.00,0.00,0.83,1.66,0.00,0.00,0.00,0.49,1.80,0.00,0.00,0.00
0.00,1.96,0.00,0.00,0.00,0.00,2.03,0.00,0.00,0.00,0.71,1.71,0.00,0.00,0.00,0.38,1.84,0.00,0.00,0.00
0.00,1.99,0.00,0.00,0.00,0.00,2.06,0.00,0.00,0.00,0.59,1.76,0.00,0.00,0.00,0.26,1.88,0.00,0.00,0.00
0.00,2.02,0.00,0.00,0.00,0.00,2.08,0.00,0.00,0.00,0.46,1.80,0.00,0.00,0.00,0.15,1.91,0.00,0.00,0.00
0.00,2.04,0.09,0.00,0.00,0.00,2.10,0.00,0.00,0.00,0.34,1.85,0.00,0.00,0.00,0.04,1.94,0.00,0.00,0.00
0.00,2.07,0.21,0.00,0.00,0.00,2.12,0.00,0.00,0.00,0.22,1.89,0.00,0.00,0.00,0.00,1.98,0.06,0.00,0.00
0.00,2.08,0.34,0.00,0.00,0.00,2.14,0.00,0.00,0.00,0.10,1.92,0.00,0.00,0.00,0.00,2.00,0.19,0.00,0.00
0.00,2.07,0.46,0.00,0.00,0.00,2.15,0.00,0.00,0.00,0.00,1.96,0.00,0.00,0.00,0.00,2.02,0.32,0.00,0.00
0.00,2.05,0.57,0.00,0.00,0.00,2.17,0.00,0.00,0.00,0.00,1.99,0.00,0.00,0.00,0.00,2.02,0.43,0.00,0.00
0.00,2.02,0.67,0.00,0.00,0.00,2.18,0.00,0.00,0.00,0.00,2.02,0.04,0.00,0.00,0.00,2.01,0.55,0.00,0.00
0.00,1.97,0.77,0.00,0.00,0.00,2.19,0.00,0.00,0.00,0.00,2.05,0.17,0.00,0.00,0.00,1.98,0.65,0.00,0.00
0.00,1.92,0.87,0.00,0.00,0.00,2.20,0.00,0.00,0.00,0.00,2.07,0.30,0.00,0.00,0.00,1.94,0.76,0.00,0.00
0.00,1.85,0.96,0.00,0.00,0.00,2.21,0.07,0.00,0.00,0.00,2.07,0.42,0.00,0.00,0.00,1.89,0.85,0.00,0.00
0.00,1.78,1.05,0.00,0.00,0.00,2.22,0.20,0.00,0.00,0.00,2.06,0.53,0.00,0.00,0.00,1.83,0.94,0.00,0.00
0.00,1.69,1.13,0.00,0.00,0.00,2.22,0.32,0.00,0.00,0.00,2.03,0.64,0.00,0.00,0.00,1.76,1.03,0.00,0.00
0.00,1.60,1.21,0.00,0.00,0.00,2.20,0.44,0.00,0.00,0.00,1.99,0.74,0.00,0.00,0.00,1.68,1.11,0.00,0.00
0.00,1.51,1.28,0.00,0.00,0.00,2.17,0.56,0.00,0.00,0.00,1.94,0.84,0.00,0.00,0.00,1.60,1.19,0.00,0.00
0.00,1.41,1.35,0.00,0.00,0.00,2.12,0.66,0.00,0.00,0.00,1.88,0.94,0.00,0.00,0.00,1.51,1.27,0.00,0.00
0.00,1.30,1.42,0.00,0.00,0.00,2.06,0.77,0.00,0.00,0.00,1.81,1.02,0.00,0.00,0.00,1.41,1.34,0.00,0.00
0.00,1.19,1.48,0.00,0.00,0.00,1.99,0.86,0.00,0.00,0.00,1.73,1.11,0.00,0.00,0.00,1.31,1.40,0.00,0.00
0.00,1.08,1.54,0.00,0.00,0.00,1.92,0.96,0.00,0.00,0.00,1.64,1.19,0.00,0.00,0.00,1.20,1.47,0.00,0.00
0.00,0.96,1.60,0.00,0.00,0.00,1.83,1.04,0.00,0.00,0.00,1.55,1.26,0.00,0.00,0.00,1.09,1.53,0.00,0.00
0.00,0.85,1.65,0.00,0.00,0.00,1.74,1.13,0.00,0.00,0.00,1.45,1.33,0.00,0.00,0.00,0.98,1.58,0.00,0.00
0.00,0.73,1.70,0.00,0.00,0.00,1.64,1.21,0.00,0.00,0.00,1.35,1.40,0.00,0.00,0.00,0.87,1.64,0.00,0.00
0.00,0.61,1.74,0.00,0.00,0.00,1.53,1.28,0.00,0.00,0.00,1.24,1.47,0.00,0.00,0.00,0.75,1.68,0.00,0.00
0.00,0.49,1.79,0.00,0.00,0.00,1.42,1.35,0.00,0.00,0.00,1.13,1.53,0.00,0.00,0.00,0.63,1.73,0.00,0.00
0.00,0.37,1.83,0.00,0.00,0.00,1.31,1.42,0.00,0.00,0.00,1.02,1.58,0.00,0.00,0.00,0.52,1.78,0.00,0.00
0.00,0.25,1.87,0.00,0.00,0.00,1.19,1.48,0.00,0.00,0.00,0.90,1.64,0.00,0.00,0.00,0.40,1.82,0.00,0.00
0.00,0.14,1.90,0.00,0.00,0.00,1.07,1.54,0.00,0.00,0.00,0.79,1.69,0.00,0.00,0.00,0.28,1.85,0.00,0.00
0.00,0.02,1.93,0.00,0.00,0.00,0.94,1.60,0.00,0.00,0.00,0.67,1.74,0.00,0.00,0.00,0.17,1.89,0.00,0.00
0.00,0.00,1.97,0.00,0.00,0.00,0.82,1.65,0.00,0.00,0.00,0.55,1.78,0.00,0.00,0.00,0.05,1.92,0.00,0.00
0.00,0.00,1.99,0.00,0.00,0.00,0.69,1.70,0.00,0.00,0.00,0.43,1.82,0.00,0.00,0.00,0.00,1.95,0.00,0.00
0.00,0.00,2.02,0.00,0.00,0.00,0.57,1.75,0.00,0.00,0.00,0.31,1.86,0.00,0.00,0.00,0.00,1.98,0.00,0.00
0.00,0.00,2.04,0.00,0.00,0.00,0.44,1.79,0.00,0.00,0.00,0.20,1.90,0.00,0.00,0.00,0.00,2.01,0.00,0.00
0.00,0.00,2.07,0.00,0.00,0.00,0.32,1.83,0.00,0.00,0.00,0.08,1.93,0.00,0.00,0.00,0.00,2.03,0.00,0.00
0.00,0.00,2.09,0.00,0.00,0.00,0.19,1.87,0.00,0.00,0.00,0.00,1.96,0.00,0.00,0.00,0.00,2.06,0.02,0.00
0.00,0.00,2.10,0.00,0.00,0.00,0.07,1.91,0.00,0.00,0.00,0.00,1.99,0.00,0.00,0.00,0.00,2.08,0.14,0.00
0.00,0.00,2.12,0.00,0.00,0.00,0.00,1.94,0.00,0.00,0.00,0.00,2.02,0.00,0.00,0.00,0.00,2.09,0.27,0.00
0.00,0.00,2.14,0.00,0.00,0.00,0.00,1.97,0.00,0.00,0.00,0.00,2.04,0.13,0.00,0.00,0.00,2.09,0.38,0.00
0.00,0.00,2.15,0.00,0.00,0.00,0.00,2.00,0.00,0.00,0.00,0.00,2.07,0.26,0.00,0.00,0.00,2.08,0.50,0.00
0.00,0.00,2.16,0.00,0.00,0.00,0.00,2.03,0.00,0.00,0.00,0.00,2.07,0.37,0.00,0.00,0.00,2.05,0.60,0.00
0.00,0.00,2.17,0.00,0.00,0.00,0.00,2.05,0.00,0.00,0.00,0.00,2.06,0.49,0.00,0.00,0.00,2.01,0.70,0.00
0.00,0.00,2.18,0.00,0.00,0.00,0.00,2.07,0.10,0.00,0.00,0.00,2.04,0.60,0.00,0.00,0.00,1.96,0.80,0.00
0.00,0.00,2.19,0.00,0.00,0.00,0.00,2.09,0.23,0.00,0.00,0.00,2.00,0.70,0.00,0.00,0.00,1.90,0.89,0.00
0.00,0.00,2.20,0.04,0.00,0.00,0.00,2.10,0.35,0.00,0.00,0.00,1.95,0.79,0.00,0.00,0.00,1.82,0.98,0.00
0.00,0.00,2.20,0.17,0.00,0.00,0.00,2.09,0.47,0.00,0.00,0.00,1.89,0.89,0.00,0.00,0.00,1.74,1.06,0.00
0.00,0.00,2.20,0.29,0.00,0.00,0.00,2.07,0.57,0.00,0.00,0.00,1.83,0.98,0.00,0.00,0.00,1.66,1.14,0.00
0.00,0.00,2.19,0.41,0.00,0.00,0.00,2.03,0.68,0.00,0.00,0.00,1.75,1.06,0.00,0.00,0.00,1.57,1.21,0.00
0.00,0.00,2.16,0.52,0.00,0.00,0.00,1.98,0.78,0.00,0.00,0.00,1.67,1.14,0.00,0.00,0.00,1.47,1.28,0.00
0.00,0.00,2.11,0.63,0.00,0.00,0.00,1.93,0.87,0.00,0.00,0.00,1.57,1.21,0.00,0.00,0.00,1.36,1.35,0.00
0.00,0.00,2.06,0.73,0.00,0.00,0.00,1.86,0.96,0.00,0.00,0.00,1.48,1.28,0.00,0.00,0.00,1.26,1.41,0.00
0.00,0.00,1.99,0.82,0.00,0.00,0.00,1.78,1.05,0.00,0.00,0.00,1.38,1.35,0.00,0.00,0.00,1.15,1.47,0.00
0.00,0.00,1.92,0.92,0.00,0.00,0.00,1.70,1.13,0.00,0.00,0.00,1.27,1.42,0.00,0.00,0.00,1.03,1.53,0.00
0.00,0.00,1.83,1.00,0.00,0.00,0.00,1.60,1.20,0.00,0.00,0.00,1.17,1.48,0.00,0.00,0.00,0.92,1.58,0.00
0.00,0.00,1.74,1.09,0.00,0.00,0.00,1.51,1.28,0.00,0.00,0.00,1.05,1.53,0.00,0.00,0.00,0.80,1.63,0.00
0.00,0.00,1.64,1.16,0.00,0.00,0.00,1.41,1.34,0.00,0.00,0.00,0.94,1.59,0.00,0.00,0.00,0.69,1.68,0.00
0.00,0.00,1.54,1.24,0.00,0.00,0.00,1.30,1.41,0.00,0.00,0.00,0.83,1.64,0.00,0.00,0.00,0.57,1.72,0.00
0.00,0.00,1.43,1.31,0.00,0.00,0.00,1.19,1.47,0.00,0.00,0.00,0.71,1.68,0.00,0.00,0.00,0.45,1.76,0.00
0.00,0.00,1.32,1.37,0.00,0.00,0.00,1.08,1.53,0.00,0.00,0.00,0.59,1.73,0.00,0.00,0.00,0.33,1.80,0.00
0.00,0.00,1.20,1.44,0.00,0.00,0.00,0.96,1.58,0.00,0.00,0.00,0.48,1.77,0.00,0.00,0.00,0.22,1.84,0.00
0.00,0.00,1.09,1.50,0.00,0.00,0.00,0.85,1.63,0.00,0.00,0.00,0.36,1.81,0.00,0.00,0.00,0.10,1.87,0.00
0.00,0.00,0.96,1.55,0.00,0.00,0.00,0.73,1.68,0.00,0.00,0.00,0.24,1.84,0.00,0.00,0.00,0.00,1.90,0.00
0.00,0.00,0.84,1.61,0.00,0.00,0.00,0.61,1.73,0.00,0.00,0.00,0.13,1.88,0.00,0.00,0.00,0.00,1.93,0.00
0.00,0.00,0.72,1.65,0.00,0.00,0.00,0.49,1.77,0.00,0.00,0.00,0.01,1.91,0.00,0.00,0.00,0.00,1.96,0.00
0.00,0.00,0.60,1.70,0.00,0.00,0.00,0.37,1.81,0.00,0.00,0.00,0.00,1.94,0.00,0.00,0.00,0.00,1.98,0.00
0.00,0.00,0.47,1.75,0.00,0.00,0.00,0.26,1.85,0.00,0.00,0.00,0.00,1.97,0.00,0.00,0.00,0.00,2.01,0.00
0.00,0.00,0.35,1.79,0.00,0.00,0.00,0.14,1.88,0.00,0.00,0.00,0.00,1.99,0.00,0.00,0.00,0.00,2.03,0.00
0.00,0.00,0.22,1.82,0.00,0.00,0.00,0.02,1.91,0.00,0.00,0.00,0.00,2.01,0.00,0.00,0.00,0.00,2.05,0.00
0.00,0.00,0.10,1.86,0.00,0.00,0.00,0.00,1.94,0.00,0.00,0.00,0.00,2.04,0.00,0.00,0.00,0.00,2.06,0.00
0.00,0.00,0.00,1.89,0.00,0.00,0.00,0.00,1.97,0.00,0.00,0.00,0.00,2.05,0.00,0.00,0.00,0.00,2.08,0.00
0.00,0.00,0.00,1.92,0.00,0.00,0.00,0.00,2.00,0.00,0.00,0.00,0.00,2.07,0.13,0.00,0.00,0.00,2.09,0.00
0.00,0.00,0.00,1.95,0.00,0.00,0.00,0.00,2.02,0.02,0.00,0.00,0.00,2.09,0.24,0.00,0.00,0.00,2.11,0.00
0.00,0.00,0.00,1.98,0.00,0.00,0.00,0.00,2.04,0.14,0.00,0.00,0.00,2.09,0.35,0.00,0.00,0.00,2.12,0.00
0.00,0.00,0.00,2.00,0.00,0.00,0.00,0.00,2.06,0.26,0.00,0.00,0.00,2.07,0.46,0.00,0.00,0.00,2.13,0.00
0.00,0.00,0.00,2.03,0.00,0.00,0.00,0.00,2.06,0.38,0.00,0.00,0.00,2.05,0.56,0.00,0.00,0.00,2.14,0.00
0.00,0.00,0.00,2.05,0.00,0.00,0.00,0.00,2.05,0.49,0.00,0.00,0.00,2.01,0.66,0.00,0.00,0.00,2.14,0.00
0.00,0.00,0.00,2.07,0.13,0.00,0.00,0.00,2.02,0.59,0.00,0.00,0.00,1.96,0.75,0.00,0.00,0.00,2.15,0.03
0.00,0.00,0.00,2.08,0.25,0.00,0.00,0.00,1.98,0.69,0.00,0.00,0.00,1.90,0.84,0.00,0.00,0.00,2.15,0.15
0.00,0.00,0.00,2.09,0.36,0.00,0.00,0.00,1.93,0.78,0.00,0.00,0.00,1.83,0.92,0.00,0.00,0.00,2.15,0.27
0.00,0.00,0.00,2.07,0.47,0.00,0.00,0.00,1.87,0.87,0.00,0.00,0.00,1.75,1.00,0.00,0.00,0.00,2.14,0.39
0.00,0.00,0.00,2.04,0.57,0.00,0.00,0.00,1.80,0.95,0.00,0.00,0.00,1.67,1.08,0.00,0.00,0.00,2.11,0.49
0.00,0.00,0.00,2.00,0.67,0.00,0.00,0.00,1.73,1.03,0.00,0.00,0.00,1.58,1.15,0.00,0.00,0.00,2.07,0.60
0.00,0.00,0.00,1.95,0.77,0.00,0.00,0.00,1.64,1.11,0.00,0.00,0.00,1.48,1.21,0.00,0.00,0.00,2.02,0.70
0.00,0.00,0.00,1.89,0.86,0.00,0.00,0.00,1.55,1.18,0.00,0.00,0.00,1.39,1.28,0.00,0.00,0.00,1.95,0.79
0.00,0.00,0.00,1.82,0.94,0.00,0.00,0.00,1.46,1.25,0.00,0.00,0.00,1.28,1.34,0.00,0.00,0.00,1.88,0.88
0.00,0.00,0.00,1.75,1.02,0.00,0.00,0.00,1.36,1.32,0.00,0.00,0.00,1.18,1.40,0.00,0.00,0.00,1.80,0.96
0.00,0.00,0.00,1.66,1.10,0.00,0.00,0.00,1.26,1.38,0.00,0.00,0.00,1.07,1.45,0.00,0.00,0.00,1.71,1.04
0.00,0.00,0.00,1.57,1.17,0.00,0.00,0.00,1.15,1.44,0.00,0.00,0.00,0.96,1.50,0.00,0.00,0.00,1.62,1.12
0.00,0.00,0.00,1.48,1.24,0.00,0.00,0.00,1.04,1.49,0.00,0.00,0.00,0.85,1.55,0.00,0.00,0.00,1.52,1.19
0.00,0.00,0.00,1.38,1.31,0.00,0.00,0.00,0.93,1.54,0.00,0.00,0.00,0.74,1.59,0.00,0.00,0.00,1.41,1.26
0.00,0.00,0.00,1.27,1.37,0.00,0.00,0.00,0.82,1.59,0.00,0.00,0.00,0.62,1.63,0.00,0.00,0.00,1.31,1.32
0.00,0.00,0.00,1.17,1.42,0.00,0.00,0.00,0.71,1.64,0.00,0.00,0.00,0.51,1.67,0.00,0.00,0.00,1.19,1.39
0.00,0.00,0.00,1.06,1.48,0.00,0.00,0.00,0.59,1.68,0.00,0.00,0.00,0.40,1.71,0.00,0.00,0.00,1.08,1.44
0.00,0.00,0.00,0.94,1.53,0.00,0.00,0.00,0.48,1.72,0.00,0.00,0.00,0.28,1.75,0.00,0.00,0.00,0.96,1.50
0.00,0.00,0.00,0.83,1.58,0.00,0.00,0.00,0.36,1.76,0.00,0.00,0.00,0.17,1.78,0.00,0.00,0.00,0.85,1.55
0.00,0.00,0.00,0.72,1.63,0.00,0.00,0.00,0.25,1.79,0.00,0.00,0.00,0.06,1.81,0.00,0.00,0.00,0.73,1.60
0.00,0.00,0.00,0.60,1.67,0.00,0.00,0.00,0.14,1.82,0.00,0.00,0.00,0.00,1.84,0.00,0.00,0.00,0.61,1.64
0.00,0.00,0.00,0.49,1.71,0.00,0.00,0.00,0.03,1.85,0.00,0.00,0.00,0.00,1.86,0.00,0.00,0.00,0.49,1.68
0.00,0.00,0.00,0.37,1.75,0.00,0.00,0.00,0.00,1.88,0.00,0.00,0.00,0.00,1.89,0.00,0.00,0.00,0.37,1.72
0.00,0.00,0.00,0.26,1.78,0.00,0.00,0.00,0.00,1.91,0.00,0.00,0.00,0.00,1.91,0.00,0.00,0.00,0.25,1.76
0.00,0.00,0.00,0.14,1.82,0.00,0.00,0.00,0.00,1.93,0.00,0.00,0.00,0.00,1.93,0.00,0.00,0.00,0.13,1.80
0.00,0.00,0.00,0.03,1.85,0.00,0.00,0.00,0.00,1.96,0.00,0.00,0.00,0.00,1.95,0.00,0.00,0.00,0.01,1.83
0.00,0.00,0.00,0.00,1.88,0.00,0.00,0.00,0.00,1.98,0.00,0.00,0.00,0.00,1.97,0.00,0.00,0.00,0.00,1.86
0.00,0.00,0.00,0.00,1.90,0.00,0.00,0.00,0.00,1.99,0.00,0.00,0.00,0.00,1.98,0.00,0.00,0.00,0.00,1.89
0.00,0.00,0.00,0.00,1.93,0.00,0.00,0.00,0.00,2.01,0.00,0.00,0.00,0.00,1.99,0.00,0.00,0.00,0.00,1.91
0.00,0.00,0.00,0.00,1.95,0.00,0.00,0.00,0.00,2.03,0.01,0.00,0.00,0.00,2.01,0.00,0.00,0.00,0.00,1.94
0.00,0.00,0.00,0.00,1.97,0.03,0.00,0.00,0.00,2.04,0.13,0.00,0.00,0.00,2.02,0.00,0.00,0.00,0.00,1.96
0.00,0.00,0.00,0.00,1.99,0.15,0.00,0.00,0.00,2.05,0.24,0.00,0.00,0.00,2.03,0.00,0.00,0.00,0.00,1.98
0.00,0.00,0.00,0.00,2.00,0.26,0.00,0.00,0.00,2.05,0.34,0.00,0.00,0.00,2.04,0.00,0.00,0.00,0.00,2.00
0.00,0.00,0.00,0.00,2.00,0.37,0.00,0.00,0.00,2.03,0.44,0.00,0.00,0.00,2.04,0.00,0.00,0.00,0.00,2.02
0.06,0.00,0.00,0.00,1.99,0.47,0.00,0.00,0.00,2.00,0.54,0.00,0.00,0.00,2.05,0.07,0.00,0.00,0.00,2.03
0.18,0.00,0.00,0.00,1.96,0.57,0.00,0.00,0.00,1.96,0.63,0.00,0.00,0.00,2.06,0.19,0.00,0.00,0.00,2.04
0.29,0.00,0.00,0.00,1.92,0.66,0.00,0.00,0.00,1.91,0.71,0.00,0.00,0.00,2.05,0.30,0.00,0.00,0.00,2.03
0.40,0.00,0.00,0.00,1.87,0.75,0.00,0.00,0.00,1.85,0.79,0.00,0.00,0.00,2.03,0.41,0.00,0.00,0.00,2.01
0.50,0.00,0.00,0.00,1.81,0.84,0.00,0.00,0.00,1.79,0.87,0.00,0.00,0.00,2.00,0.51,0.00,0.00,0.00,1.98
0.60,0.00,0.00,0.00,1.74,0.92,0.00,0.00,0.00,1.71,0.94,0.00,0.00,0.00,1.96,0.61,0.00,0.00,0.00,1.93
0.69,0.00,0.00,0.00,1.67,1.00,0.00,0.00,0.00,1.63,1.01,0.00,0.00,0.00,1.91,0.70,0.00,0.00,0.00,1.88
0.78,0.00,0.00,0.00,1.59,1.07,0.00,0.00,0.00,1.55,1.08,0.00,0.00,0.00,1.84,0.79,0.00,0.00,0.00,1.81
0.87,0.00,0.00,0.00,1.50,1.14,0.00,0.00,0.00,1.46,1.14,0.00,0.00,0.00,1.77,0.87,0.00,0.00,0.00,1.74
0.95,0.00,0.00,0.00,1.41,1.20,0.00,0.00,0.00,1.36,1.20,0.00,0.00,0.00,1.69,0.95,0.00,0.00,0.00,1.66
1.02,0.00,0.00,0.00,1.31,1.26,0.00,0.00,0.00,1.27,1.26,0.00,0.00,0.00,1.61,1.03,0.00,0.00,0.00,1.58
1.09,0.00,0.00,0.00,1.21,1.32,0.00,0.00,0.00,1.17,1.31,0.00,0.00,0.00,1.52,1.10,0.00,0.00,0.00,1.49
1.16,0.00,0.00,0.00,1.11,1.38,0.00,0.00,0.00,1.06,1.36,0.00,0.00,0.00,1.42,1.17,0.00,0.00,0.00,1.39
1.23,0.00,0.00,0.00,1.01,1.43,0.00,0.00,0.00,0.96,1.41,0.00,0.00,0.00,1.32,1.24,0.00,0.00,0.00,1.29
1.29,0.00,0.00,0.00,0.90,1.48,0.00,0.00,0.00,0.85,1.46,0.00,0.00,0.00,1.21,1.30,0.00,0.00,0.00,1.19
1.35,0.00,0.00,0.00,0.79,1.52,0.00,0.00,0.00,0.75,1.50,0.00,0.00,0.00,1.10,1.35,0.00,0.00,0.00,1.08
1.40,0.00,0.00,0.00,0.68,1.57,0.00,0.00,0.00,0.64,1.54,0.00,0.00,0.00,0.99,1.41,0.00,0.00,0.00,0.98
1.45,0.00,0.00,0.00,0.57,1.61,0.00,0.00,0.00,0.53,1.58,0.00,0.00,0.00,0.88,1.46,0.00,0.00,0.00,0.87
1.50,0.00,0.00,0.00,0.46,1.65,0.00,0.00,0.00,0.42,1.61,0.00,0.00,0.00,0.77,1.51,0.00,0.00,0.00,0.76
1.55,0.00,0.00,0.00,0.35,1.68,0.00,0.00,0.00,0.32,1.64,0.00,0.00,0.00,0.65,1.56,0.00,0.00,0.00,0.64
1.59,0.00,0.00,0.00,0.25,1.72,0.00,0.00,0.00,0.21,1.67,0.00,0.00,0.00,0.54,1.60,0.00,0.00,0.00,0.53
1.63,0.00,0.00,0.00,0.14,1.75,0.00,0.00,0.00,0.11,1.70,0.00,0.00,0.00,0.42,1.64,0.00,0.00,0.00,0.42
1.67,0.00,0.00,0.00,0.03,1.78,0.00,0.00,0.00,0.01,1.73,0.00,0.00,0.00,0.31,1.68,0.00,0.00,0.00,0.31
1.70,0.00,0.00,0.00,0.00,1.81,0.00,0.00,0.00,0.00,1.75,0.00,0.00,0.00,0.19,1.71,0.00,0.00,0.00,0.20
1.74,0.00,0.00,0.00,0.00,1.83,0.00,0.00,0.00,0.00,1.78,0.00,0.00,0.00,0.08,1.75,0.00,0.00,0.00,0.09
1.77,0.00,0.00,0.00,0.00,1.85,0.00,0.00,0.00,0.00,1.80,0.00,0.00,0.00,0.00,1.78,0.00,0.00,0.00,0.00
1.80,0.00,0.00,0.00,0.00,1.88,0.00,0.00,0.00,0.00,1.82,0.00,0.00,0.00,0.00,1.81,0.00,0.00,0.00,0.00
1.82,0.00,0.00,0.00,0.00,1.90,0.00,0.00,0.00,0.00,1.84,0.00,0.00,0.00,0.00,1.83,0.00,0.00,0.00,0.00
1.85,0.00,0.00,0.00,0.00,1.91,0.00,0.00,0.00,0.00,1.85,0.00,0.00,0.00,0.00,1.86,0.00,0.00,0.00,0.00
1.87,0.00,0.00,0.00,0.00,1.93,0.00,0.00,0.00,0.00,1.87,0.00,0.00,0.00,0.00,1.88,0.00,0.00,0.00,0.00
1.89,0.00,0.00,0.00,0.00,1.94,0.00,0.00,0.00,0.00,1.88,0.00,0.00,0.00,0.00,1.90,0.00,0.00,0.00,0.00
1.91,0.04,0.00,0.00,0.00,1.96,0.00,0.00,0.00,0.00,1.89,0.00,0.00,0.00,0.00,1.92,0.00,0.00,0.00,0.00
1.93,0.16,0.00,0.00,0.00,1.97,0.08,0.00,0.00,0.00,1.90,0.00,0.00,0.00,0.00,1.94,0.00,0.00,0.00,0.00
1.94,0.27,0.00,0.00,0.00,1.98,0.19,0.00,0.00,0.00,1.91,0.01,0.00,0.00,0.00,1.95,0.01,0.00,0.00,0.00
1.94,0.37,0.00,0.00,0.00,1.98,0.29,0.00,0.00,0.00,1.92,0.13,0.00,0.00,0.00,1.97,0.13,0.00,0.00,0.00
1.92,0.47,0.00,0.00,0.00,1.97,0.39,0.00,0.00,0.00,1.93,0.24,0.00,0.00,0.00,1.98,0.24,0.00,0.00,0.00
1.89,0.57,0.00,0.00,0.00,1.94,0.48,0.00,0.00,0.00,1.92,0.35,0.00,0.00,0.00,1.98,0.35,0.00,0.00,0.00
1.85,0.66,0.00,0.00,0.00,1.91,0.57,0.00,0.00,0.00,1.90,0.46,0.00,0.00,0.00,1.96,0.45,0.00,0.00,0.00
1.80,0.75,0.00,0.00,0.00,1.86,0.66,0.00,0.00,0.00,1.86,0.55,0.00,0.00,0.00,1.93,0.55,0.00,0.00,0.00
1.75,0.83,0.00,0.00,0.00,1.81,0.74,0.00,0.00,0.00,1.82,0.65,0.00,0.00,0.00,1.89,0.64,0.00,0.00,0.00
1.68,0.91,0.00,0.00,0.00,1.75,0.81,0.00,0.00,0.00,1.76,0.73,0.00,0.00,0.00,1.84,0.73,0.00,0.00,0.00
1.60,0.98,0.00,0.00,0.00,1.68,0.89,0.00,0.00,0.00,1.70,0.82,0.00,0.00,0.00,1.78,0.81,0.00,0.00,0.00
1.52,1.05,0.00,0.00,0.00,1.60,0.96,0.00,0.00,0.00,1.62,0.90,0.00,0.00,0.00,1.72,0.89,0.00,0.00,0.00
1.44,1.12,0.00,0.00,0.00,1.52,1.02,0.00,0.00,0.00,1.55,0.97,0.00,0.00,0.00,1.64,0.97,0.00,0.00,0.00
1.35,1.18,0.00,0.00,0.00,1.43,1.09,0.00,0.00,0.00,1.46,1.05,0.00,0.00,0.00,1.56,1.04,0.00,0.00,0.00
1.25,1.24,0.00,0.00,0.00,1.34,1.15,0.00,0.00,0.00,1.37,1.12,0.00,0.00,0.00,1.47,1.11,0.00,0.00,0.00
1.16,1.30,0.00,0.00,0.00,1.25,1.20,0.00,0.00,0.00,1.27,1.18,0.00,0.00,0.00,1.38,1.18,0.00,0.00,0.00
1.06,1.35,0.00,0.00,0.00,1.15,1.26,0.00,0.00,0.00,1.18,1.24,0.00,0.00,0.00,1.28,1.24,0.00,0.00,0.00
0.95,1.41,0.00,0.00,0.00,1.05,1.31,0.00,0.00,0.00,1.07,1.30,0.00,0.00,0.00,1.18,1.30,0.00,0.00,0.00
0.85,1.45,0.00,0.00,0.00,0.95,1.35,0.00,0.00,0.00,0.97,1.35,0.00,0.00,0.00,1.08,1.35,0.00,0.00,0.00
0.74,1.50,0.00,0.00,0.00,0.84,1.40,0.00,0.00,0.00,0.86,1.41,0.00,0.00,0.00,0.98,1.40,0.00,0.00,0.00
0.63,1.54,0.00,0.00,0.00,0.74,1.44,0.00,0.00,0.00,0.75,1.45,0.00,0.00,0.00,0.87,1.45,0.00,0.00,0.00
0.53,1.58,0.00,0.00,0.00,0.64,1.48,0.00,0.00,0.00,0.64,1.50,0.00,0.00,0.00,0.76,1.50,0.00,0.00,0.00
0.42,1.62,0.00,0.00,0.00,0.53,1.52,0.00,0.00,0.00,0.53,1.54,0.00,0.00,0.00,0.65,1.54,0.00,0.00,0.00
0.31,1.65,0.00,0.00,0.00,0.43,1.55,0.00,0.00,0.00,0.42,1.58,0.00,0.00,0.00,0.54,1.58,0.00,0.00,0.00
0.21,1.69,0.00,0.00,0.00,0.32,1.59,0.00,0.00,0.00,0.31,1.62,0.00,0.00,0.00,0.43,1.62,0.00,0.00,0.00
0.10,1.72,0.00,0.00,0.00,0.22,1.62,0.00,0.00,0.00,0.20,1.66,0.00,0.00,0.00,0.32,1.66,0.00,0.00,0.00
0.00,1.75,0.00,0.00,0.00,0.12,1.64,0.00,0.00,0.00,0.09,1.69,0.00,0.00,0.00,0.21,1.69,0.00,0.00,0.00
0.00,1.77,0.00,0.00,0.00,0.02,1.67,0.00,0.00,0.00,0.00,1.72,0.00,0.00,0.00,0.11,1.72,0.00,0.00,0.00
0.00,1.80,0.00,0.00,0.00,0.00,1.70,0.00,0.00,0.00,0.00,1.75,0.00,0.00,0.00,0.00,1.75,0.00,0.00,0.00
0.00,1.82,0.00,0.00,0.00,0.00,1.72,0.00,0.00,0.00,0.00,1.78,0.00,0.00,0.00,0.00,1.78,0.00,0.00,0.00
0.00,1.84,0.00,0.00,0.00,0.00,1.74,0.00,0.00,0.00,0.00,1.81,0.00,0.00,0.00,0.00,1.80,0.00,0.00,0.00
0.00,1.86,0.00,0.00,0.00,0.00,1.76,0.00,0.00,0.00,0.00,1.83,0.00,0.00,0.00,0.00,1.83,0.00,0.00,0.00
0.00,1.88,0.00,0.00,0.00,0.00,1.78,0.00,0.00,0.00,0.00,1.85,0.00,0.00,0.00,0.00,1.85,0.00,0.00,0.00
0.00,1.89,0.00,0.00,0.00,0.00,1.80,0.00,0.00,0.00,0.00,1.87,0.00,0.00,0.00,0.00,1.87,0.00,0.00,0.00
0.00,1.91,0.00,0.00,0.00,0.00,1.81,0.00,0.00,0.00,0.00,1.89,0.00,0.00,0.00,0.00,1.89,0.11,0.00,0.00
0.00,1.92,0.00,0.00,0.00,0.00,1.82,0.05,0.00,0.00,0.00,1.91,0.00,0.00,0.00,0.00,1.91,0.22,0.00,0.00
0.00,1.93,0.00,0.00,0.00,0.00,1.84,0.16,0.00,0.00,0.00,1.92,0.03,0.00,0.00,0.00,1.91,0.33,0.00,0.00
0.00,1.94,0.11,0.00,0.00,0.00,1.84,0.27,0.00,0.00,0.00,1.93,0.15,0.00,0.00,0.00,1.90,0.43,0.00,0.00
0.00,1.95,0.22,0.00,0.00,0.00,1.83,0.38,0.00,0.00,0.00,1.94,0.26,0.00,0.00,0.00,1.87,0.53,0.00,0.00
0.00,1.95,0.32,0.00,0.00,0.00,1.81,0.48,0.00,0.00,0.00,1.94,0.37,0.00,0.00,0.00,1.84,0.62,0.00,0.00
0.00,1.93,0.42,0.00,0.00,0.00,1.78,0.57,0.00,0.00,0.00,1.92,0.47,0.00,0.00,0.00,1.79,0.70,0.00,0.00
0.00,1.90,0.51,0.00,0.00,0.00,1.74,0.66,0.00,0.00,0.00,1.88,0.56,0.00,0.00,0.00,1.74,0.79,0.00,0.00
0.00,1.86,0.60,0.00,0.00,0.00,1.68,0.75,0.00,0.00,0.00,1.84,0.66,0.00,0.00,0.00,1.67,0.87,0.00,0.00
0.00,1.81,0.68,0.00,0.00,0.00,1.62,0.83,0.00,0.00,0.00,1.79,0.74,0.00,0.00,0.00,1.60,0.94,0.00,0.00
0.00,1.75,0.76,0.00,0.00,0.00,1.55,0.91,0.00,0.00,0.00,1.73,0.82,0.00,0.00,0.00,1.53,1.01,0.00,0.00
0.00,1.69,0.83,0.00,0.00,0.00,1.47,0.98,0.00,0.00,0.00,1.66,0.90,0.00,0.00,0.00,1.44,1.08,0.00,0.00
0.00,1.62,0.90,0.00,0.00,0.00,1.39,1.05,0.00,0.00,0.00,1.58,0.98,0.00,0.00,0.00,1.36,1.14,0.00,0.00
0.00,1.54,0.97,0.00,0.00,0.00,1.30,1.11,0.00,0.00,0.00,1.50,1.05,0.00,0.00,0.00,1.27,1.21,0.00,0.00
0.00,1.46,1.04,0.00,0.00,0.00,1.21,1.18,0.00,0.00,0.00,1.41,1.12,0.00,0.00,0.00,1.17,1.26,0.00,0.00
0.00,1.37,1.10,0.00,0.00,0.00,1.12,1.24,0.00,0.00,0.00,1.32,1.18,0.00,0.00,0.00,1.07,1.32,0.00,0.00
0.00,1.28,1.16,0.00,0.00,0.00,1.02,1.29,0.00,0.00,0.00,1.22,1.24,0.00,0.00,0.00,0.97,1.37,0.00,0.00
0.00,1.18,1.21,0.00,0.00,0.00,0.92,1.35,0.00,0.00,0.00,1.13,1.30,0.00,0.00,0.00,0.87,1.42,0.00,0.00
0.00,1.08,1.26,0.00,0.00,0.00,0.81,1.40,0.00,0.00,0.00,1.02,1.35,0.00,0.00,0.00,0.76,1.46,0.00,0.00
0.00,0.98,1.31,0.00,0.00,0.00,0.71,1.44,0.00,0.00,0.00,0.92,1.40,0.00,0.00,0.00,0.66,1.51,0.00,0.00
0.00,0.88,1.36,0.00,0.00,0.00,0.60,1.49,0.00,0.00,0.00,0.81,1.45,0.00,0.00,0.00,0.55,1.55,0.00,0.00
0.00,0.78,1.40,0.00,0.00,0.00,0.50,1.53,0.00,0.00,0.00,0.70,1.49,0.00,0.00,0.00,0.45,1.58,0.00,0.00
0.00,0.68,1.44,0.00,0.00,0.00,0.39,1.57,0.00,0.00,0.00,0.60,1.54,0.00,0.00,0.00,0.34,1.62,0.00,0.00
0.00,0.57,1.48,0.00,0.00,0.00,0.28,1.61,0.00,0.00,0.00,0.49,1.58,0.00,0.00,0.00,0.24,1.65,0.00,0.00
0.00,0.47,1.52,0.00,0.00,0.00,0.17,1.64,0.00,0.00,0.00,0.38,1.61,0.00,0.00,0.00,0.13,1.68,0.00,0.00
0.00,0.37,1.55,0.00,0.00,0.00,0.07,1.67,0.00,0.00,0.00,0.27,1.65,0.00,0.00,0.00,0.03,1.71,0.00,0.00
0.00,0.26,1.58,0.00,0.00,0.00,0.00,1.70,0.00,0.00,0.00,0.16,1.68,0.00,0.00,0.00,0.00,1.74,0.00,0.00
0.00,0.16,1.61,0.00,0.00,0.00,0.00,1.73,0.00,0.00,0.00,0.06,1.71,0.00,0.00,0.00,0.00,1.77,0.00,0.00
0.00,0.06,1.64,0.00,0.00,0.00,0.00,1.76,0.00,0.00,0.00,0.00,1.74,0.00,0.00,0.00,0.00,1.79,0.00,0.00
0.00,0.00,1.67,0.00,0.00,0.00,0.00,1.78,0.00,0.00,0.00,0.00,1.77,0.00,0.00,0.00,0.00,1.81,0.00,0.00
0.00,0.00,1.69,0.00,0.00,0.00,0.00,1.80,0.00,0.00,0.00,0.00,1.79,0.00,0.00,0.00,0.00,1.83,0.00,0.00
0.00,0.00,1.71,0.00,0.00,0.00,0.00,1.82,0.00,0.00,0.00,0.00,1.82,0.00,0.00,0.00,0.00,1.85,0.00,0.00
0.00,0.00,1.73,0.00,0.00,0.00,0.00,1.84,0.00,0.00,0.00,0.00,1.84,0.00,0.00,0.00,0.00,1.86,0.00,0.00
0.00,0.00,1.75,0.00,0.00,0.00,0.00,1.86,0.00,0.00,0.00,0.00,1.86,0.00,0.00,0.00,0.00,1.88,0.00,0.00
0.00,0.00,1.77,0.09,0.00,0.00,0.00,1.88,0.00,0.00,0.00,0.00,1.88,0.08,0.00,0.00,0.00,1.89,0.00,0.00
0.00,0.00,1.79,0.20,0.00,0.00,0.00,1.89,0.00,0.00,0.00,0.00,1.89,0.19,0.00,0.00,0.00,1.91,0.00,0.00
0.00,0.00,1.79,0.30,0.00,0.00,0.00,1.91,0.10,0.00,0.00,0.00,1.90,0.30,0.00,0.00,0.00,1.92,0.00,0.00
0.00,0.00,1.78,0.40,0.00,0.00,0.00,1.92,0.21,0.00,0.00,0.00,1.89,0.40,0.00,0.00,0.00,1.93,0.08,0.00
0.00,0.00,1.76,0.50,0.00,0.00,0.00,1.92,0.32,0.00,0.00,0.00,1.87,0.49,0.00,0.00,0.00,1.94,0.18,0.00
0.00,0.00,1.73,0.59,0.00,0.00,0.00,1.90,0.42,0.00,0.00,0.00,1.83,0.59,0.00,0.00,0.00,1.93,0.29,0.00
0.00,0.00,1.68,0.68,0.00,0.00,0.00,1.87,0.52,0.00,0.00,0.00,1.79,0.67,0.00,0.00,0.00,1.92,0.38,0.00
0.00,0.00,1.63,0.76,0.00,0.00,0.00,1.83,0.61,0.00,0.00,0.00,1.74,0.76,0.00,0.00,0.00,1.89,0.47,0.00
0.00,0.00,1.57,0.84,0.00,0.00,0.00,1.79,0.70,0.00,0.00,0.00,1.68,0.83,0.00,0.00,0.00,1.86,0.56,0.00
0.00,0.00,1.50,0.91,0.00,0.00,0.00,1.73,0.78,0.00,0.00,0.00,1.61,0.91,0.00,0.00,0.00,1.81,0.65,0.00
0.00,0.00,1.43,0.98,0.00,0.00,0.00,1.66,0.86,0.00,0.00,0.00,1.54,0.98,0.00,0.00,0.00,1.75,0.73,0.00
0.00,0.00,1.35,1.05,0.00,0.00,0.00,1.59,0.93,0.00,0.00,0.00,1.46,1.05,0.00,0.00,0.00,1.69,0.80,0.00
0.00,0.00,1.26,1.12,0.00,0.00,0.00,1.51,1.01,0.00,0.00,0.00,1.37,1.11,0.00,0.00,0.00,1.62,0.87,0.00
0.00,0.00,1.17,1.18,0.00,0.00,0.00,1.43,1.07,0.00,0.00,0.00,1.28,1.17,0.00,0.00,0.00,1.55,0.94,0.00
0.00,0.00,1.08,1.23,0.00,0.00,0.00,1.34,1.14,0.00,0.00,0.00,1.19,1.23,0.00,0.00,0.00,1.46,1.01,0.00
0.00,0.00,0.99,1.29,0.00,0.00,0.00,1.24,1.20,0.00,0.00,0.00,1.09,1.28,0.00,0.00,0.00,1.38,1.07,0.00
0.00,0.00,0.89,1.34,0.00,0.00,0.00,1.15,1.26,0.00,0.00,0.00,0.99,1.34,0.00,0.00,0.00,1.29,1.13,0.00
0.00,0.00,0.79,1.39,0.00,0.00,0.00,1.05,1.31,0.00,0.00,0.00,0.89,1.38,0.00,0.00,0.00,1.20,1.18,0.00
0.00,0.00,0.69,1.43,0.00,0.00,0.00,0.94,1.36,0.00,0.00,0.00,0.79,1.43,0.00,0.00,0.00,1.10,1.23,0.00
0.00,0.00,0.58,1.48,0.00,0.00,0.00,0.84,1.41,0.00,0.00,0.00,0.69,1.47,0.00,0.00,0.00,1.00,1.28,0.00
0.00,0.00,0.48,1.52,0.00,0.00,0.00,0.73,1.46,0.00,0.00,0.00,0.58,1.51,0.00,0.00,0.00,0.90,1.33,0.00
0.00,0.00,0.38,1.55,0.00,0.00,0.00,0.63,1.50,0.00,0.00,0.00,0.48,1.55,0.00,0.00,0.00,0.80,1.37,0.00
0.00,0.00,0.27,1.59,0.00,0.00,0.00,0.52,1.54,0.00,0.00,0.00,0.37,1.59,0.00,0.00,0.00,0.70,1.41,0.00
0.00,0.00,0.17,1.62,0.00,0.00,0.00,0.41,1.58,0.00,0.00,0.00,0.27,1.62,0.00,0.00,0.00,0.59,1.45,0.00
0.00,0.00,0.07,1.65,0.00,0.00,0.00,0.31,1.61,0.00,0.00,0.00,0.17,1.65,0.00,0.00,0.00,0.49,1.49,0.00
0.00,0.00,0.00,1.68,0.00,0.00,0.00,0.20,1.65,0.00,0.00,0.00,0.07,1.68,0.00,0.00,0.00,0.39,1.52,0.00
0.00,0.00,0.00,1.71,0.00,0.00,0.00,0.09,1.68,0.00,0.00,0.00,0.00,1.71,0.00,0.00,0.00,0.29,1.56,0.00
0.00,0.00,0.00,1.74,0.00,0.00,0.00,0.00,1.71,0.00,0.00,0.00,0.00,1.73,0.00,0.00,0.00,0.18,1.59,0.00
0.00,0.00,0.00,1.76,0.00,0.00,0.00,0.00,1.73,0.00,0.00,0.00,0.00,1.76,0.00,0.00,0.00,0.08,1.61,0.00
0.00,0.00,0.00,1.78,0.00,0.00,0.00,0.00,1.76,0.00,0.00,0.00,0.00,1.78,0.00,0.00,0.00,0.00,1.64,0.00
0.00,0.00,0.00,1.80,0.00,0.00,0.00,0.00,1.78,0.00,0.00,0.00,0.00,1.80,0.00,0.00,0.00,0.00,1.67,0.00
0.00,0.00,0.00,1.82,0.00,0.00,0.00,0.00,1.80,0.00,0.00,0.00,0.00,1.82,0.00,0.00,0.00,0.00,1.69,0.00
0.00,0.00,0.00,1.84,0.00,0.00,0.00,0.00,1.82,0.00,0.00,0.00,0.00,1.83,0.00,0.00,0.00,0.00,1.71,0.07
0.00,0.00,0.00,1.85,0.00,0.00,0.00,0.00,1.84,0.00,0.00,0.00,0.00,1.85,0.00,0.00,0.00,0.00,1.73,0.18
0.00,0.00,0.00,1.86,0.00,0.00,0.00,0.00,1.86,0.02,0.00,0.00,0.00,1.86,0.00,0.00,0.00,0.00,1.74,0.28
0.00,0.00,0.00,1.88,0.04,0.00,0.00,0.00,1.87,0.13,0.00,0.00,0.00,1.88,0.00,0.00,0.00,0.00,1.74,0.38
0.00,0.00,0.00,1.89,0.15,0.00,0.00,0.00,1.89,0.23,0.00,0.00,0.00,1.89,0.00,0.00,0.00,0.00,1.72,0.47
0.00,0.00,0.00,1.89,0.26,0.00,0.00,0.00,1.88,0.33,0.00,0.00,0.00,1.90,0.00,0.00,0.00,0.00,1.69,0.56
0.00,0.00,0.00,1.89,0.36,0.00,0.00,0.00,1.87,0.43,0.00,0.00,0.00,1.91,0.04,0.00,0.00,0.00,1.65,0.65
0.00,0.00,0.00,1.86,0.46,0.00,0.00,0.00,1.84,0.52,0.00,0.00,0.00,1.91,0.15,0.00,0.00,0.00,1.61,0.73
0.00,0.00,0.00,1.83,0.55,0.00,0.00,0.00,1.81,0.61,0.00,0.00,0.00,1.92,0.25,0.00,0.00,0.00,1.55,0.81
0.00,0.00,0.00,1.79,0.64,0.00,0.00,0.00,1.76,0.69,0.00,0.00,0.00,1.91,0.34,0.00,0.00,0.00,1.49,0.88
0.00,0.00,0.00,1.74,0.72,0.00,0.00,0.00,1.70,0.77,0.00,0.00,0.00,1.88,0.44,0.00,0.00,0.00,1.42,0.95
0.00,0.00,0.00,1.68,0.80,0.00,0.00,0.00,1.64,0.85,0.00,0.00,0.00,1.85,0.52,0.00,0.00,0.00,1.35,1.02
0.00,0.00,0.00,1.61,0.87,0.00,0.00,0.00,1.57,0.92,0.00,0.00,0.00,1.80,0.61,0.00,0.00,0.00,1.27,1.08
0.00,0.00,0.00,1.53,0.95,0.00,0.00,0.00,1.49,0.98,0.00,0.00,0.00,1.75,0.69,0.00,0.00,0.00,1.18,1.14
0.00,0.00,0.00,1.45,1.01,0.00,0.00,0.00,1.41,1.05,0.00,0.00,0.00,1.69,0.76,0.00,0.00,0.00,1.09,1.20
0.00,0.00,0.00,1.37,1.08,0.00,0.00,0.00,1.33,1.11,0.00,0.00,0.00,1.62,0.84,0.00,0.00,0.00,1.00,1.25
0.00,0.00,0.00,1.28,1.14,0.00,0.00,0.00,1.24,1.17,0.00,0.00,0.00,1.55,0.90,0.00,0.00,0.00,0.91,1.30
0.00,0.00,0.00,1.18,1.20,0.00,0.00,0.00,1.14,1.22,0.00,0.00,0.00,1.47,0.97,0.00,0.00,0.00,0.81,1.35
0.00,0.00,0.00,1.09,1.25,0.00,0.00,0.00,1.05,1.27,0.00,0.00,0.00,1.39,1.03,0.00,0.00,0.00,0.71,1.39
0.00,0.00,0.00,0.99,1.30,0.00,0.00,0.00,0.95,1.32,0.00,0.00,0.00,1.30,1.09,0.00,0.00,0.00,0.61,1.44
0.00,0.00,0.00,0.89,1.35,0.00,0.00,0.00,0.85,1.37,0.00,0.00,0.00,1.21,1.14,0.00,0.00,0.00,0.51,1.48
0.00,0.00,0.00,0.78,1.40,0.00,0.00,0.00,0.75,1.41,0.00,0.00,0.00,1.12,1.20,0.00,0.00,0.00,0.41,1.51
0.00,0.00,0.00,0.68,1.44,0.00,0.00,0.00,0.65,1.45,0.00,0.00,0.00,1.02,1.25,0.00,0.00,0.00,0.31,1.55
0.00,0.00,0.00,0.57,1.48,0.00,0.00,0.00,0.55,1.49,0.00,0.00,0.00,0.92,1.29,0.00,0.00,0.00,0.21,1.58
0.00,0.00,0.00,0.47,1.52,0.00,0.00,0.00,0.44,1.53,0.00,0.00,0.00,0.82,1.34,0.00,0.00,0.00,0.11,1.61
0.00,0.00,0.00,0.36,1.56,0.00,0.00,0.00,0.34,1.56,0.00,0.00,0.00,0.72,1.38,0.00,0.00,0.00,0.02,1.64
0.00,0.00,0.00,0.26,1.59,0.00,0.00,0.00,0.24,1.59,0.00,0.00,0.00,0.62,1.42,0.00,0.00,0.00,0.00,1.67
0.00,0.00,0.00,0.16,1.62,0.00,0.00,0.00,0.14,1.62,0.00,0.00,0.00,0.52,1.46,0.00,0.00,0.00,0.00,1.69
0.00,0.00,0.00,0.05,1.65,0.00,0.00,0.00,0.04,1.65,0.00,0.00,0.00,0.41,1.49,0.00,0.00,0.00,0.00,1.72
0.00,0.00,0.00,0.00,1.68,0.00,0.00,0.00,0.00,1.68,0.00,0.00,0.00,0.31,1.52,0.00,0.00,0.00,0.00,1.74
0.00,0.00,0.00,0.00,1.71,0.00,0.00,0.00,0.00,1.70,0.00,0.00,0.00,0.21,1.55,0.00,0.00,0.00,0.00,1.76
0.00,0.00,0.00,0.00,1.73,0.00,0.00,0.00,0.00,1.72,0.00,0.00,0.00,0.11,1.58,0.00,0.00,0.00,0.00,1.78
0.00,0.00,0.00,0.00,1.75,0.00,0.00,0.00,0.00,1.75,0.00,0.00,0.00,0.01,1.61,0.00,0.00,0.00,0.00,1.79
0.00,0.00,0.00,0.00,1.77,0.00,0.00,0.00,0.00,1.76,0.00,0.00,0.00,0.00,1.63,0.00,0.00,0.00,0.00,1.81
0.00,0.00,0.00,0.00,1.79,0.00,0.00,0.00,0.00,1.78,0.00,0.00,0.00,0.00,1.66,0.11,0.00,0.00,0.00,1.82
0.00,0.00,0.00,0.00,1.81,0.00,0.00,0.00,0.00,1.80,0.00,0.00,0.00,0.00,1.68,0.21,0.00,0.00,0.00,1.84
0.00,0.00,0.00,0.00,1.83,0.00,0.00,0.00,0.00,1.81,0.00,0.00,0.00,0.00,1.69,0.31,0.00,0.00,0.00,1.85
0.07,0.00,0.00,0.00,1.84,0.02,0.00,0.00,0.00,1.83,0.00,0.00,0.00,0.00,1.68,0.41,0.00,0.00,0.00,1.86
0.18,0.00,0.00,0.00,1.85,0.13,0.00,0.00,0.00,1.84,0.00,0.00,0.00,0.00,1.66,0.50,0.00,0.00,0.00,1.86
0.28,0.00,0.00,0.00,1.86,0.23,0.00,0.00,0.00,1.85,0.00,0.00,0.00,0.00,1.63,0.59,0.00,0.00,0.00,1.85
0.38,0.00,0.00,0.00,1.86,0.33,0.00,0.00,0.00,1.86,0.00,0.00,0.00,0.00,1.59,0.67,0.00,0.00,0.00,1.82
0.48,0.00,0.00,0.00,1.84,0.42,0.00,0.00,0.00,1.87,0.01,0.00,0.00,0.00,1.55,0.75,0.00,0.00,0.00,1.79
0.57,0.00,0.00,0.00,1.81,0.51,0.00,0.00,0.00,1.87,0.12,0.00,0.00,0.00,1.49,0.82,0.00,0.00,0.00,1.74
0.65,0.00,0.00,0.00,1.78,0.60,0.00,0.00,0.00,1.88,0.22,0.00,0.00,0.00,1.43,0.89,0.00,0.00,0.00,1.69
0.73,0.00,0.00,0.00,1.73,0.68,0.00,0.00,0.00,1.87,0.31,0.00,0.00,0.00,1.36,0.96,0.00,0.00,0.00,1.62
0.81,0.00,0.00,0.00,1.67,0.75,0.00,0.00,0.00,1.85,0.41,0.00,0.00,0.00,1.29,1.02,0.00,0.00,0.00,1.55
0.88,0.00,0.00,0.00,1.61,0.83,0.00,0.00,0.00,1.82,0.49,0.00,0.00,0.00,1.21,1.09,0.00,0.00,0.00,1.48
0.95,0.00,0.00,0.00,1.54,0.90,0.00,0.00,0.00,1.78,0.58,0.00,0.00,0.00,1.13,1.14,0.00,0.00,0.00,1.40
1.02,0.00,0.00,0.00,1.47,0.96,0.00,0.00,0.00,1.73,0.66,0.00,0.00,0.00,1.04,1.20,0.00,0.00,0.00,1.31
1.08,0.00,0.00,0.00,1.39,1.03,0.00,0.00,0.00,1.67,0.73,0.00,0.00,0.00,0.95,1.25,0.00,0.00,0.00,1.22
1.14,0.00,0.00,0.00,1.30,1.09,0.00,0.00,0.00,1.61,0.81,0.00,0.00,0.00,0.86,1.30,0.00,0.00,0.00,1.13
1.19,0.00,0.00,0.00,1.21,1.14,0.00,0.00,0.00,1.54,0.87,0.00,0.00,0.00,0.76,1.34,0.00,0.00,0.00,1.03
1.25,0.00,0.00,0.00,1.12,1.20,0.00,0.00,0.00,1.46,0.94,0.00,0.00,0.00,0.67,1.39,0.00,0.00,0.00,0.93
1.30,0.00,0.00,0.00,1.03,1.25,0.00,0.00,0.00,1.38,1.00,0.00,0.00,0.00,0.57,1.43,0.00,0.00,0.00,0.83
1.35,0.00,0.00,0.00,0.93,1.29,0.00,0.00,0.00,1.29,1.06,0.00,0.00,0.00,0.48,1.47,0.00,0.00,0.00,0.73
1.39,0.00,0.00,0.00,0.83,1.34,0.00,0.00,0.00,1.20,1.12,0.00,0.00,0.00,0.38,1.50,0.00,0.00,0.00,0.63
1.43,0.00,0.00,0.00,0.73,1.38,0.00,0.00,0.00,1.11,1.17,0.00,0.00,0.00,0.28,1.54,0.00,0.00,0.00,0.53
1.47,0.00,0.00,0.00,0.63,1.42,0.00,0.00,0.00,1.01,1.22,0.00,0.00,0.00,0.18,1.57,0.00,0.00,0.00,0.42
1.51,0.00,0.00,0.00,0.53,1.46,0.00,0.00,0.00,0.92,1.27,0.00,0.00,0.00,0.09,1.60,0.00,0.00,0.00,0.32
1.54,0.00,0.00,0.00,0.43,1.49,0.00,0.00,0.00,0.82,1.31,0.00,0.00,0.00,0.00,1.62,0.00,0.00,0.00,0.22
1.58,0.00,0.00,0.00,0.33,1.53,0.00,0.00,0.00,0.72,1.35,0.00,0.00,0.00,0.00,1.65,0.00,0.00,0.00,0.12
1.61,0.00,0.00,0.00,0.23,1.56,0.00,0.00,0.00,0.62,1.39,0.00,0.00,0.00,0.00,1.67,0.00,0.00,0.00,0.01
1.64,0.00,0.00,0.00,0.13,1.59,0.00,0.00,0.00,0.52,1.43,0.00,0.00,0.00,0.00,1.70,0.00,0.00,0.00,0.00
1.66,0.00,0.00,0.00,0.03,1.61,0.00,0.00,0.00,0.42,1.47,0.00,0.00,0.00,0.00,1.72,0.00,0.00,0.00,0.00
1.69,0.00,0.00,0.00,0.00,1.64,0.00,0.00,0.00,0.32,1.50,0.00,0.00,0.00,0.00,1.74,0.00,0.00,0.00,0.00
1.71,0.00,0.00,0.00,0.00,1.66,0.00,0.00,0.00,0.22,1.53,0.00,0.00,0.00,0.00,1.75,0.00,0.00,0.00,0.00
1.73,0.00,0.00,0.00,0.00,1.69,0.00,0.00,0.00,0.12,1.56,0.00,0.00,0.00,0.00,1.77,0.00,0.00,0.00,0.00
1.75,0.00,0.00,0.00,0.00,1.71,0.00,0.00,0.00,0.02,1.58,0.04,0.00,0.00,0.00,1.79,0.00,0.00,0.00,0.00
1.77,0.00,0.00,0.00,0.00,1.72,0.00,0.00,0.00,0.00,1.61,0.14,0.00,0.00,0.00,1.80,0.00,0.00,0.00,0.00
1.79,0.00,0.00,0.00,0.00,1.74,0.00,0.00,0.00,0.00,1.63,0.24,0.00,0.00,0.00,1.81,0.02,0.00,0.00,0.00
1.80,0.00,0.00,0.00,0.00,1.76,0.00,0.00,0.00,0.00,1.63,0.34,0.00,0.00,0.00,1.82,0.13,0.00,0.00,0.00
1.82,0.00,0.00,0.00,0.00,1.77,0.00,0.00,0.00,0.00,1.63,0.44,0.00,0.00,0.00,1.83,0.23,0.00,0.00,0.00
1.83,0.04,0.00,0.00,0.00,1.79,0.00,0.00,0.00,0.00,1.61,0.52,0.00,0.00,0.00,1.82,0.33,0.00,0.00,0.00
1.84,0.14,0.00,0.00,0.00,1.80,0.00,0.00,0.00,0.00,1.58,0.61,0.00,0.00,0.00,1.81,0.43,0.00,0.00,0.00
1.85,0.25,0.00,0.00,0.00,1.81,0.00,0.00,0.00,0.00,1.54,0.69,0.00,0.00,0.00,1.78,0.52,0.00,0.00,0.00
1.84,0.34,0.00,0.00,0.00,1.82,0.00,0.00,0.00,0.00,1.49,0.76,0.00,0.00,0.00,1.74,0.60,0.00,0.00,0.00
1.82,0.43,0.00,0.00,0.00,1.83,0.05,0.00,0.00,0.00,1.44,0.84,0.00,0.00,0.00,1.69,0.69,0.00,0.00,0.00
1.79,0.52,0.00,0.00,0.00,1.83,0.16,0.00,0.00,0.00,1.38,0.91,0.00,0.00,0.00,1.63,0.76,0.00,0.00,0.00
1.75,0.60,0.00,0.00,0.00,1.83,0.26,0.00,0.00,0.00,1.31,0.97,0.00,0.00,0.00,1.56,0.84,0.00,0.00,0.00
1.70,0.68,0.00,0.00,0.00,1.82,0.35,0.00,0.00,0.00,1.24,1.03,0.00,0.00,0.00,1.49,0.91,0.00,0.00,0.00
1.64,0.76,0.00,0.00,0.00,1.80,0.44,0.00,0.00,0.00,1.16,1.09,0.00,0.00,0.00,1.41,0.98,0.00,0.00,0.00
1.58,0.83,0.00,0.00,0.00,1.76,0.53,0.00,0.00,0.00,1.08,1.15,0.00,0.00,0.00,1.33,1.04,0.00,0.00,0.00
1.51,0.90,0.00,0.00,0.00,1.72,0.61,0.00,0.00,0.00,0.99,1.20,0.00,0.00,0.00,1.24,1.10,0.00,0.00,0.00
1.43,0.96,0.00,0.00,0.00,1.66,0.69,0.00,0.00,0.00,0.90,1.25,0.00,0.00,0.00,1.15,1.16,0.00,0.00,0.00
1.35,1.02,0.00,0.00,0.00,1.60,0.77,0.00,0.00,0.00,0.81,1.30,0.00,0.00,0.00,1.06,1.21,0.00,0.00,0.00
1.27,1.08,0.00,0.00,0.00,1.54,0.84,0.00,0.00,0.00,0.72,1.34,0.00,0.00,0.00,0.96,1.26,0.00,0.00,0.00
1.18,1.14,0.00,0.00,0.00,1.46,0.91,0.00,0.00,0.00,0.63,1.39,0.00,0.00,0.00,0.87,1.31,0.00,0.00,0.00
1.08,1.19,0.00,0.00,0.00,1.38,0.97,0.00,0.00,0.00,0.54,1.43,0.00,0.00,0.00,0.77,1.36,0.00,0.00,0.00
0.99,1.24,0.00,0.00,0.00,1.30,1.03,0.00,0.00,0.00,0.44,1.46,0.00,0.00,0.00,0.66,1.40,0.00,0.00,0.00
0.89,1.29,0.00,0.00,0.00,1.21,1.09,0.00,0.00,0.00,0.35,1.50,0.00,0.00,0.00,0.56,1.44,0.00,0.00,0.00
0.80,1.33,0.00,0.00,0.00,1.12,1.14,0.00,0.00,0.00,0.25,1.53,0.00,0.00,0.00,0.46,1.48,0.00,0.00,0.00
0.70,1.37,0.00,0.00,0.00,1.03,1.20,0.00,0.00,0.00,0.16,1.56,0.00,0.00,0.00,0.36,1.51,0.00,0.00,0.00
0.60,1.41,0.00,0.00,0.00,0.93,1.24,0.00,0.00,0.00,0.06,1.59,0.00,0.00,0.00,0.26,1.55,0.00,0.00,0.00
0.50,1.45,0.00,0.00,0.00,0.83,1.29,0.00,0.00,0.00,0.00,1.62,0.00,0.00,0.00,0.15,1.58,0.00,0.00,0.00
0.40,1.48,0.00,0.00,0.00,0.74,1.34,0.00,0.00,0.00,0.00,1.64,0.00,0.00,0.00,0.05,1.61,0.00,0.00,0.00
0.30,1.52,0.00,0.00,0.00,0.64,1.38,0.00,0.00,0.00,0.00,1.67,0.00,0.00,0.00,0.00,1.64,0.00,0.00,0.00
0.20,1.55,0.00,0.00,0.00,0.53,1.42,0.00,0.00,0.00,0.00,1.69,0.00,0.00,0.00,0.00,1.66,0.00,0.00,0.00
0.10,1.57,0.00,0.00,0.00,0.43,1.45,0.00,0.00,0.00,0.00,1.71,0.00,0.00,0.00,0.00,1.69,0.00,0.00,0.00
0.01,1.60,0.00,0.00,0.00,0.33,1.49,0.00,0.00,0.00,0.00,1.73,0.00,0.00,0.00,0.00,1.71,0.00,0.00,0.00
0.00,1.63,0.00,0.00,0.00,0.23,1.52,0.00,0.00,0.00,0.00,1.74,0.00,0.00,0.00,0.00,1.73,0.00,0.00,0.00
0.00,1.65,0.00,0.00,0.00,0.13,1.55,0.00,0.00,0.00,0.00,1.76,0.00,0.00,0.00,0.00,1.75,0.00,0.00,0.00
0.00,1.67,0.00,0.00,0.00,0.04,1.58,0.07,0.00,0.00,0.00,1.77,0.00,0.00,0.00,0.00,1.76,0.00,0.00,0.00
0.00,1.69,0.00,0.00,0.00,0.00,1.60,0.17,0.00,0.00,0.00,1.79,0.00,0.00,0.00,0.00,1.78,0.00,0.00,0.00
0.00,1.71,0.00,0.00,0.00,0.00,1.62,0.27,0.00,0.00,0.00,1.80,0.09,0.00,0.00,0.00,1.80,0.00,0.00,0.00
0.00,1.73,0.00,0.00,0.00,0.00,1.62,0.37,0.00,0.00,0.00,1.81,0.20,0.00,0.00,0.00,1.81,0.00,0.00,0.00
0.00,1.74,0.00,0.00,0.00,0.00,1.61,0.46,0.00,0.00,0.00,1.81,0.30,0.00,0.00,0.00,1.82,0.00,0.00,0.00
0.00,1.76,0.00,0.00,0.00,0.00,1.59,0.55,0.00,0.00,0.00,1.79,0.40,0.00,0.00,0.00,1.83,0.08,0.00,0.00
0.00,1.77,0.00,0.00,0.00,0.00,1.56,0.63,0.00,0.00,0.00,1.77,0.49,0.00,0.00,0.00,1.84,0.18,0.00,0.00
0.00,1.78,0.00,0.00,0.00,0.00,1.52,0.71,0.00,0.00,0.00,1.73,0.57,0.00,0.00,0.00,1.84,0.28,0.00,0.00
0.00,1.79,0.00,0.00,0.00,0.00,1.47,0.78,0.00,0.00,0.00,1.68,0.66,0.00,0.00,0.00,1.83,0.37,0.00,0.00
0.00,1.80,0.09,0.00,0.00,0.00,1.42,0.85,0.00,0.00,0.00,1.63,0.74,0.00,0.00,0.00,1.80,0.46,0.00,0.00
0.00,1.81,0.19,0.00,0.00,0.00,1.36,0.92,0.00,0.00,0.00,1.57,0.81,0.00,0.00,0.00,1.77,0.55,0.00,0.00
0.00,1.81,0.29,0.00,0.00,0.00,1.29,0.98,0.00,0.00,0.00,1.50,0.88,0.00,0.00,0.00,1.72,0.63,0.00,0.00
0.00,1.79,0.38,0.00,0.00,0.00,1.22,1.04,0.00,0.00,0.00,1.42,0.95,0.00,0.00,0.00,1.67,0.71,0.00,0.00
0.00,1.76,0.47,0.00,0.00,0.00,1.14,1.10,0.00,0.00,0.00,1.34,1.01,0.00,0.00,0.00,1.61,0.78,0.00,0.00
0.00,1.73,0.56,0.00,0.00,0.00,1.06,1.16,0.00,0.00,0.00,1.26,1.07,0.00,0.00,0.00,1.54,0.85,0.00,0.00
0.00,1.68,0.64,0.00,0.00,0.00,0.98,1.21,0.00,0.00,0.00,1.17,1.13,0.00,0.00,0.00,1.47,0.91,0.00,0.00
0.00,1.62,0.72,0.00,0.00,0.00,0.89,1.26,0.00,0.00,0.00,1.08,1.19,0.00,0.00,0.00,1.39,0.98,0.00,0.00
0.00,1.56,0.80,0.00,0.00,0.00,0.80,1.30,0.00,0.00,0.00,0.98,1.24,0.00,0.00,0.00,1.31,1.04,0.00,0.00
0.00,1.49,0.87,0.00,0.00,0.00,0.71,1.34,0.00,0.00,0.00,0.88,1.29,0.00,0.00,0.00,1.22,1.09,0.00,0.00
0.00,1.42,0.93,0.00,0.00,0.00,0.62,1.39,0.00,0.00,0.00,0.79,1.33,0.00,0.00,0.00,1.13,1.15,0.00,0.00
0.00,1.34,1.00,0.00,0.00,0.00,0.52,1.42,0.00,0.00,0.00,0.69,1.38,0.00,0.00,0.00,1.04,1.20,0.00,0.00
0.00,1.25,1.06,0.00,0.00,0.00,0.43,1.46,0.00,0.00,0.00,0.59,1.42,0.00,0.00,0.00,0.95,1.25,0.00,0.00
0.00,1.16,1.12,0.00,0.00,0.00,0.34,1.49,0.00,0.00,0.00,0.48,1.46,0.00,0.00,0.00,0.85,1.29,0.00,0.00
0.00,1.07,1.17,0.00,0.00,0.00,0.24,1.53,0.00,0.00,0.00,0.38,1.49,0.00,0.00,0.00,0.75,1.33,0.00,0.00
0.00,0.98,1.22,0.00,0.00,0.00,0.15,1.56,0.00,0.00,0.00,0.28,1.53,0.00,0.00,0.00,0.65,1.38,0.00,0.00
0.00,0.88,1.27,0.00,0.00,0.00,0.06,1.58,0.00,0.00,0.00,0.18,1.56,0.00,0.00,0.00,0.55,1.41,0.00,0.00
0.00,0.78,1.32,0.00,0.00,0.00,0.00,1.61,0.00,0.00,0.00,0.08,1.59,0.00,0.00,0.00,0.46,1.45,0.00,0.00
0.00,0.68,1.36,0.00,0.00,0.00,0.00,1.63,0.00,0.00,0.00,0.00,1.62,0.00,0.00,0.00,0.36,1.48,0.00,0.00
0.00,0.58,1.40,0.00,0.00,0.00,0.00,1.66,0.00,0.00,0.00,0.00,1.64,0.00,0.00,0.00,0.26,1.51,0.00,0.00
0.00,0.48,1.44,0.00,0.00,0.00,0.00,1.68,0.00,0.00,0.00,0.00,1.67,0.00,0.00,0.00,0.16,1.54,0.00,0.00
0.00,0.38,1.47,0.00,0.00,0.00,0.00,1.70,0.00,0.00,0.00,0.00,1.69,0.00,0.00,0.00,0.06,1.57,0.00,0.00
0.00,0.28,1.51,0.00,0.00,0.00,0.00,1.72,0.00,0.00,0.00,0.00,1.71,0.00,0.00,0.00,0.00,1.60,0.00,0.00
0.00,0.18,1.54,0.00,0.00,0.00,0.00,1.73,0.00,0.00,0.00,0.00,1.73,0.00,0.00,0.00,0.00,1.62,0.00,0.00
0.00,0.08,1.57,0.00,0.00,0.00,0.00,1.75,0.00,0.00,0.00,0.00,1.75,0.00,0.00,0.00,0.00,1.64,0.00,0.00
0.00,0.00,1.60,0.07,0.00,0.00,0.00,1.76,0.00,0.00,0.00,0.00,1.76,0.00,0.00,0.00,0.00,1.66,0.00,0.00
0.00,0.00,1.62,0.18,0.00,0.00,0.00,1.77,0.05,0.00,0.00,0.00,1.78,0.00,0.00,0.00,0.00,1.68,0.00,0.00
0.00,0.00,1.64,0.27,0.00,0.00,0.00,1.78,0.16,0.00,0.00,0.00,1.79,0.00,0.00,0.00,0.00,1.70,0.00,0.00
0.00,0.00,1.64,0.37,0.00,0.00,0.00,1.79,0.26,0.00,0.00,0.00,1.81,0.00,0.00,0.00,0.00,1.72,0.00,0.00
0.00,0.00,1.63,0.46,0.00,0.00,0.00,1.78,0.36,0.00,0.00,0.00,1.82,0.00,0.00,0.00,0.00,1.73,0.00,0.00
0.00,0.00,1.61,0.54,0.00,0.00,0.00,1.76,0.45,0.00,0.00,0.00,1.83,0.01,0.00,0.00,0.00,1.75,0.00,0.00
0.00,0.00,1.58,0.62,0.00,0.00,0.00,1.73,0.54,0.00,0.00,0.00,1.84,0.11,0.00,0.00,0.00,1.76,0.00,0.00
0.00,0.00,1.54,0.70,0.00,0.00,0.00,1.68,0.62,0.00,0.00,0.00,1.84,0.21,0.00,0.00,0.00,1.77,0.06,0.00
0.00,0.00,1.49,0.77,0.00,0.00,0.00,1.63,0.70,0.00,0.00,0.00,1.84,0.31,0.00,0.00,0.00,1.78,0.17,0.00
0.00,0.00,1.44,0.84,0.00,0.00,0.00,1.58,0.77,0.00,0.00,0.00,1.82,0.40,0.00,0.00,0.00,1.78,0.27,0.00
0.00,0.00,1.38,0.91,0.00,0.00,0.00,1.51,0.85,0.00,0.00,0.00,1.79,0.49,0.00,0.00,0.00,1.77,0.36,0.00
0.00,0.00,1.31,0.97,0.00,0.00,0.00,1.44,0.91,0.00,0.00,0.00,1.75,0.57,0.00,0.00,0.00,1.75,0.45,0.00
0.00,0.00,1.24,1.03,0.00,0.00,0.00,1.36,0.98,0.00,0.00,0.00,1.70,0.65,0.00,0.00,0.00,1.71,0.54,0.00
0.00,0.00,1.16,1.09,0.00,0.00,0.00,1.28,1.04,0.00,0.00,0.00,1.65,0.72,0.00,0.00,0.00,1.67,0.63,0.00
0.00,0.00,1.08,1.14,0.00,0.00,0.00,1.19,1.10,0.00,0.00,0.00,1.58,0.79,0.00,0.00,0.00,1.62,0.70,0.00
0.00,0.00,1.00,1.20,0.00,0.00,0.00,1.10,1.15,0.00,0.00,0.00,1.51,0.86,0.00,0.00,0.00,1.56,0.78,0.00
0.00,0.00,0.91,1.24,0.00,0.00,0.00,1.01,1.21,0.00,0.00,0.00,1.44,0.93,0.00,0.00,0.00,1.49,0.85,0.00
0.00,0.00,0.82,1.29,0.00,0.00,0.00,0.92,1.25,0.00,0.00,0.00,1.36,0.99,0.00,0.00,0.00,1.42,0.92,0.00
0.00,0.00,0.73,1.33,0.00,0.00,0.00,0.82,1.30,0.00,0.00,0.00,1.28,1.05,0.00,0.00,0.00,1.34,0.99,0.00
0.00,0.00,0.64,1.37,0.00,0.00,0.00,0.72,1.35,0.00,0.00,0.00,1.19,1.10,0.00,0.00,0.00,1.26,1.05,0.00
0.00,0.00,0.55,1.41,0.00,0.00,0.00,0.62,1.39,0.00,0.00,0.00,1.10,1.15,0.00,0.00,0.00,1.17,1.10,0.00
0.00,0.00,0.46,1.45,0.00,0.00,0.00,0.52,1.43,0.00,0.00,0.00,1.00,1.20,0.00,0.00,0.00,1.08,1.16,0.00
0.00,0.00,0.36,1.48,0.00,0.00,0.00,0.42,1.46,0.00,0.00,0.00,0.91,1.25,0.00,0.00,0.00,0.99,1.21,0.00
0.00,0.00,0.27,1.51,0.00,0.00,0.00,0.32,1.50,0.00,0.00,0.00,0.81,1.29,0.00,0.00,0.00,0.89,1.26,0.00
0.00,0.00,0.18,1.54,0.00,0.00,0.00,0.22,1.53,0.00,0.00,0.00,0.72,1.33,0.00,0.00,0.00,0.79,1.31,0.00
0.00,0.00,0.09,1.57,0.00,0.00,0.00,0.13,1.56,0.00,0.00,0.00,0.62,1.37,0.00,0.00,0.00,0.70,1.35,0.00
0.00,0.00,0.00,1.60,0.00,0.00,0.00,0.03,1.59,0.00,0.00,0.00,0.52,1.41,0.00,0.00,0.00,0.60,1.39,0.00
0.00,0.00,0.00,1.62,0.00,0.00,0.00,0.00,1.62,0.00,0.00,0.00,0.42,1.45,0.00,0.00,0.00,0.50,1.43,0.00
0.00,0.00,0.00,1.64,0.00,0.00,0.00,0.00,1.64,0.00,0.00,0.00,0.32,1.48,0.00,0.00,0.00,0.39,1.47,0.00
0.00,0.00,0.00,1.66,0.00,0.00,0.00,0.00,1.66,0.00,0.00,0.00,0.22,1.51,0.00,0.00,0.00,0.29,1.50,0.00
0.00,0.00,0.00,1.68,0.00,0.00,0.00,0.00,1.68,0.00,0.00,0.00,0.13,1.54,0.00,0.00,0.00,0.19,1.54,0.00
0.00,0.00,0.00,1.70,0.00,0.00,0.00,0.00,1.70,0.00,0.00,0.00,0.03,1.56,0.00,0.00,0.00,0.09,1.57,0.00
0.00,0.00,0.00,1.72,0.00,0.00,0.00,0.00,1.72,0.00,0.00,0.00,0.00,1.59,0.00,0.00,0.00,0.00,1.60,0.00
0.00,0.00,0.00,1.73,0.00,0.00,0.00,0.00,1.74,0.00,0.00,0.00,0.00,1.61,0.00,0.00,0.00,0.00,1.62,0.03
0.00,0.00,0.00,1.74,0.00,0.00,0.00,0.00,1.75,0.00,0.00,0.00,0.00,1.63,0.00,0.00,0.00,0.00,1.65,0.13
0.00,0.00,0.00,1.76,0.09,0.00,0.00,0.00,1.77,0.00,0.00,0.00,0.00,1.65,0.00,0.00,0.00,0.00,1.67,0.23
0.00,0.00,0.00,1.77,0.19,0.00,0.00,0.00,1.78,0.00,0.00,0.00,0.00,1.67,0.00,0.00,0.00,0.00,1.67,0.33
0.00,0.00,0.00,1.77,0.29,0.00,0.00,0.00,1.79,0.00,0.00,0.00,0.00,1.69,0.00,0.00,0.00,0.00,1.67,0.42
0.00,0.00,0.00,1.75,0.38,0.00,0.00,0.00,1.80,0.00,0.00,0.00,0.00,1.71,0.00,0.00,0.00,0.00,1.65,0.50
0.00,0.00,0.00,1.73,0.47,0.00,0.00,0.00,1.81,0.00,0.00,0.00,0.00,1.72,0.00,0.00,0.00,0.00,1.62,0.59
0.00,0.00,0.00,1.70,0.56,0.00,0.00,0.00,1.82,0.03,0.00,0.00,0.00,1.73,0.06,0.00,0.00,0.00,1.58,0.66
0.00,0.00,0.00,1.65,0.64,0.00,0.00,0.00,1.83,0.13,0.00,0.00,0.00,1.74,0.16,0.00,0.00,0.00,1.54,0.74
0.00,0.00,0.00,1.60,0.71,0.00,0.00,0.00,1.83,0.23,0.00,0.00,0.00,1.75,0.26,0.00,0.00,0.00,1.48,0.81
0.00,0.00,0.00,1.54,0.79,0.00,0.00,0.00,1.82,0.32,0.00,0.00,0.00,1.74,0.36,0.00,0.00,0.00,1.42,0.88
0.00,0.00,0.00,1.47,0.86,0.00,0.00,0.00,1.80,0.41,0.00,0.00,0.00,1.72,0.45,0.00,0.00,0.00,1.36,0.94
0.00,0.00,0.00,1.40,0.92,0.00,0.00,0.00,1.77,0.50,0.00,0.00,0.00,1.69,0.54,0.00,0.00,0.00,1.29,1.00
0.00,0.00,0.00,1.33,0.98,0.00,0.00,0.00,1.73,0.58,0.00,0.00,0.00,1.65,0.62,0.00,0.00,0.00,1.21,1.06
0.00,0.00,0.00,1.24,1.04,0.00,0.00,0.00,1.68,0.65,0.00,0.00,0.00,1.60,0.70,0.00,0.00,0.00,1.13,1.11
0.00,0.00,0.00,1.16,1.10,0.00,0.00,0.00,1.62,0.73,0.00,0.00,0.00,1.54,0.78,0.00,0.00,0.00,1.05,1.16
0.00,0.00,0.00,1.07,1.15,0.00,0.00,0.00,1.55,0.80,0.00,0.00,0.00,1.47,0.85,0.00,0.00,0.00,0.96,1.21
0.00,0.00,0.00,0.98,1.20,0.00,0.00,0.00,1.48,0.86,0.00,0.00,0.00,1.40,0.92,0.00,0.00,0.00,0.88,1.26
0.00,0.00,0.00,0.88,1.25,0.00,0.00,0.00,1.41,0.93,0.00,0.00,0.00,1.32,0.98,0.00,0.00,0.00,0.79,1.30
0.00,0.00,0.00,0.79,1.30,0.00,0.00,0.00,1.33,0.99,0.00,0.00,0.00,1.24,1.04,0.00,0.00,0.00,0.70,1.34
0.00,0.00,0.00,0.69,1.34,0.00,0.00,0.00,1.24,1.04,0.00,0.00,0.00,1.16,1.10,0.00,0.00,0.00,0.60,1.38
0.00,0.00,0.00,0.59,1.38,0.00,0.00,0.00,1.16,1.10,0.00,0.00,0.00,1.07,1.16,0.00,0.00,0.00,0.51,1.42
0.00,0.00,0.00,0.50,1.42,0.00,0.00,0.00,1.07,1.15,0.00,0.00,0.00,0.97,1.21,0.00,0.00,0.00,0.42,1.45
0.00,0.00,0.00,0.40,1.45,0.00,0.00,0.00,0.97,1.20,0.00,0.00,0.00,0.88,1.26,0.00,0.00,0.00,0.33,1.49
0.00,0.00,0.00,0.30,1.49,0.00,0.00,0.00,0.88,1.24,0.00,0.00,0.00,0.78,1.31,0.00,0.00,0.00,0.23,1.52
0.00,0.00,0.00,0.20,1.52,0.00,0.00,0.00,0.78,1.29,0.00,0.00,0.00,0.69,1.35,0.00,0.00,0.00,0.14,1.54
0.00,0.00,0.00,0.11,1.55,0.00,0.00,0.00,0.68,1.33,0.00,0.00,0.00,0.59,1.39,0.00,0.00,0.00,0.05,1.57
0.00,0.00,0.00,0.01,1.57,0.00,0.00,0.00,0.59,1.36,0.00,0.00,0.00,0.49,1.43,0.00,0.00,0.00,0.00,1.60
0.00,0.00,0.00,0.00,1.60,0.00,0.00,0.00,0.49,1.40,0.00,0.00,0.00,0.39,1.47,0.00,0.00,0.00,0.00,1.62
0.00,0.00,0.00,0.00,1.62,0.00,0.00,0.00,0.39,1.44,0.00,0.00,0.00,0.29,1.50,0.00,0.00,0.00,0.00,1.64
0.00,0.00,0.00,0.00,1.64,0.00,0.00,0.00,0.29,1.47,0.00,0.00,0.00,0.19,1.54,0.00,0.00,0.00,0.00,1.66
0.00,0.00,0.00,0.00,1.67,0.00,0.00,0.00,0.20,1.50,0.00,0.00,0.00,0.09,1.57,0.00,0.00,0.00,0.00,1.68
0.00,0.00,0.00,0.00,1.68,0.00,0.00,0.00,0.10,1.53,0.00,0.00,0.00,0.00,1.59,0.00,0.00,0.00,0.00,1.69
0.00,0.00,0.00,0.00,1.70,0.00,0.00,0.00,0.00,1.55,0.00,0.00,0.00,0.00,1.62,0.00,0.00,0.00,0.00,1.71
0.00,0.00,0.00,0.00,1.72,0.00,0.00,0.00,0.00,1.58,0.00,0.00,0.00,0.00,1.65,0.00,0.00,0.00,0.00,1.72
0.00,0.00,0.00,0.00,1.73,0.00,0.00,0.00,0.00,1.60,0.00,0.00,0.00,0.00,1.67,0.07,0.00,0.00,0.00,1.74
0.10,0.00,0.00,0.00,1.75,0.00,0.00,0.00,0.00,1.62,0.00,0.00,0.00,0.00,1.69,0.17,0.00,0.00,0.00,1.75
0.20,0.00,0.00,0.00,1.76,0.00,0.00,0.00,0.00,1.64,0.00,0.00,0.00,0.00,1.70,0.27,0.00,0.00,0.00,1.75
0.29,0.00,0.00,0.00,1.77,0.00,0.00,0.00,0.00,1.66,0.00,0.00,0.00,0.00,1.70,0.36,0.00,0.00,0.00,1.73
0.39,0.00,0.00,0.00,1.78,0.00,0.00,0.00,0.00,1.67,0.00,0.00,0.00,0.00,1.69,0.45,0.00,0.00,0.00,1.71
0.47,0.00,0.00,0.00,1.79,0.00,0.00,0.00,0.00,1.69,0.08,0.00,0.00,0.00,1.66,0.53,0.00,0.00,0.00,1.68
0.56,0.00,0.00,0.00,1.80,0.00,0.00,0.00,0.00,1.70,0.18,0.00,0.00,0.00,1.63,0.61,0.00,0.00,0.00,1.63
0.64,0.00,0.00,0.00,1.80,0.06,0.00,0.00,0.00,1.71,0.28,0.00,0.00,0.00,1.59,0.69,0.00,0.00,0.00,1.58
0.71,0.00,0.00,0.00,1.81,0.16,0.00,0.00,0.00,1.70,0.38,0.00,0.00,0.00,1.54,0.76,0.00,0.00,0.00,1.52
0.78,0.00,0.00,0.00,1.81,0.26,0.00,0.00,0.00,1.68,0.47,0.00,0.00,0.00,1.48,0.83,0.00,0.00,0.00,1.46
0.85,0.00,0.00,0.00,1.79,0.35,0.00,0.00,0.00,1.64,0.56,0.00,0.00,0.00,1.42,0.90,0.00,0.00,0.00,1.38
0.92,0.00,0.00,0.00,1.77,0.43,0.00,0.00,0.00,1.60,0.64,0.00,0.00,0.00,1.35,0.96,0.00,0.00,0.00,1.31
0.98,0.00,0.00,0.00,1.73,0.52,0.00,0.00,0.00,1.55,0.72,0.00,0.00,0.00,1.28,1.02,0.00,0.00,0.00,1.23
1.04,0.00,0.00,0.00,1.69,0.60,0.00,0.00,0.00,1.50,0.79,0.00,0.00,0.00,1.20,1.07,0.00,0.00,0.00,1.14
1.09,0.00,0.00,0.00,1.64,0.67,0.00,0.00,0.00,1.43,0.87,0.00,0.00,0.00,1.12,1.13,0.00,0.00,0.00,1.06
1.14,0.00,0.00,0.00,1.58,0.74,0.00,0.00,0.00,1.36,0.93,0.00,0.00,0.00,1.03,1.18,0.00,0.00,0.00,0.97
1.19,0.00,0.00,0.00,1.51,0.81,0.00,0.00,0.00,1.28,1.00,0.00,0.00,0.00,0.94,1.22,0.00,0.00,0.00,0.87
1.24,0.00,0.00,0.00,1.44,0.88,0.00,0.00,0.00,1.20,1.06,0.00,0.00,0.00,0.85,1.27,0.00,0.00,0.00,0.78
1.29,0.00,0.00,0.00,1.36,0.94,0.00,0.00,0.00,1.12,1.12,0.00,0.00,0.00,0.76,1.31,0.00,0.00,0.00,0.68
1.33,0.00,0.00,0.00,1.28,1.00,0.00,0.00,0.00,1.03,1.17,0.00,0.00,0.00,0.67,1.35,0.00,0.00,0.00,0.59
1.37,0.00,0.00,0.00,1.19,1.05,0.00,0.00,0.00,0.94,1.22,0.00,0.00,0.00,0.58,1.39,0.00,0.00,0.00,0.49
1.40,0.00,0.00,0.00,1.10,1.11,0.00,0.00,0.00,0.84,1.27,0.00,0.00,0.00,0.48,1.43,0.00,0.00,0.00,0.39
1.44,0.00,0.00,0.00,1.01,1.16,0.00,0.00,0.00,0.75,1.32,0.00,0.00,0.00,0.39,1.46,0.00,0.00,0.00,0.30
1.47,0.00,0.00,0.00,0.92,1.20,0.00,0.00,0.00,0.65,1.36,0.00,0.00,0.00,0.30,1.49,0.00,0.00,0.00,0.20
1.50,0.00,0.00,0.00,0.82,1.25,0.00,0.00,0.00,0.55,1.40,0.00,0.00,0.00,0.20,1.52,0.00,0.00,0.00,0.11
1.53,0.00,0.00,0.00,0.73,1.29,0.00,0.00,0.00,0.45,1.44,0.00,0.00,0.00,0.11,1.55,0.00,0.00,0.00,0.01
1.56,0.00,0.00,0.00,0.63,1.33,0.00,0.00,0.00,0.36,1.48,0.00,0.00,0.00,0.02,1.57,0.00,0.00,0.00,0.00
1.58,0.00,0.00,0.00,0.53,1.37,0.00,0.00,0.00,0.26,1.51,0.00,0.00,0.00,0.00,1.60,0.00,0.00,0.00,0.00
1.61,0.00,0.00,0.00,0.44,1.40,0.00,0.00,0.00,0.16,1.54,0.00,0.00,0.00,0.00,1.62,0.00,0.00,0.00,0.00
1.63,0.00,0.00,0.00,0.34,1.44,0.00,0.00,0.00,0.06,1.57,0.00,0.00,0.00,0.00,1.64,0.00,0.00,0.00,0.00
1.65,0.00,0.00,0.00,0.24,1.47,0.00,0.00,0.00,0.00,1.60,0.00,0.00,0.00,0.00,1.66,0.00,0.00,0.00,0.00
1.67,0.00,0.00,0.00,0.15,1.50,0.00,0.00,0.00,0.00,1.63,0.00,0.00,0.00,0.00,1.68,0.00,0.00,0.00,0.00
1.69,0.00,0.00,0.00,0.05,1.52,0.00,0.00,0.00,0.00,1.65,0.00,0.00,0.00,0.00,1.69,0.00,0.00,0.00,0.00
1.70,0.00,0.00,0.00,0.00,1.55,0.00,0.00,0.00,0.00,1.67,0.00,0.00,0.00,0.00,1.71,0.00,0.00,0.00,0.00
1.72,0.00,0.00,0.00,0.00,1.57,0.00,0.00,0.00,0.00,1.69,0.00,0.00,0.00,0.00,1.72,0.09,0.00,0.00,0.00
1.73,0.00,0.00,0.00,0.00,1.60,0.00,0.00,0.00,0.00,1.71,0.10,0.00,0.00,0.00,1.73,0.19,0.00,0.00,0.00
1.74,0.00,0.00,0.00,0.00,1.62,0.00,0.00,0.00,0.00,1.73,0.20,0.00,0.00,0.00,1.73,0.29,0.00,0.00,0.00
1.75,0.00,0.00,0.00,0.00,1.64,0.03,0.00,0.00,0.00,1.74,0.30,0.00,0.00,0.00,1.72,0.38,0.00,0.00,0.00
1.76,0.00,0.00,0.00,0.00,1.65,0.14,0.00,0.00,0.00,1.73,0.39,0.00,0.00,0.00,1.70,0.47,0.00,0.00,0.00
1.77,0.00,0.00,0.00,0.00,1.67,0.24,0.00,0.00,0.00,1.71,0.48,0.00,0.00,0.00,1.67,0.55,0.00,0.00,0.00
1.78,0.00,0.00,0.00,0.00,1.66,0.34,0.00,0.00,0.00,1.68,0.56,0.00,0.00,0.00,1.62,0.63,0.00,0.00,0.00
1.78,0.03,0.00,0.00,0.00,1.65,0.43,0.00,0.00,0.00,1.64,0.64,0.00,0.00,0.00,1.57,0.70,0.00,0.00,0.00
1.79,0.13,0.00,0.00,0.00,1.63,0.52,0.00,0.00,0.00,1.59,0.71,0.00,0.00,0.00,1.52,0.77,0.00,0.00,0.00
1.79,0.23,0.00,0.00,0.00,1.59,0.61,0.00,0.00,0.00,1.54,0.79,0.00,0.00,0.00,1.45,0.84,0.00,0.00,0.00
1.78,0.32,0.00,0.00,0.00,1.55,0.69,0.00,0.00,0.00,1.48,0.85,0.00,0.00,0.00,1.38,0.91,0.00,0.00,0.00
1.76,0.41,0.00,0.00,0.00,1.49,0.77,0.00,0.00,0.00,1.41,0.92,0.00,0.00,0.00,1.31,0.97,0.00,0.00,0.00
1.73,0.50,0.00,0.00,0.00,1.43,0.84,0.00,0.00,0.00,1.34,0.98,0.00,0.00,0.00,1.23,1.03,0.00,0.00,0.00
1.68,0.58,0.00,0.00,0.00,1.37,0.91,0.00,0.00,0.00,1.26,1.04,0.00,0.00,0.00,1.14,1.08,0.00,0.00,0.00
1.63,0.65,0.00,0.00,0.00,1.29,0.97,0.00,0.00,0.00,1.18,1.09,0.00,0.00,0.00,1.06,1.13,0.00,0.00,0.00
1.57,0.73,0.00,0.00,0.00,1.22,1.04,0.00,0.00,0.00,1.09,1.14,0.00,0.00,0.00,0.97,1.18,0.00,0.00,0.00
1.51,0.80,0.00,0.00,0.00,1.14,1.09,0.00,0.00,0.00,1.01,1.19,0.00,0.00,0.00,0.88,1.23,0.00,0.00,0.00
1.44,0.86,0.00,0.00,0.00,1.05,1.15,0.00,0.00,0.00,0.92,1.24,0.00,0.00,0.00,0.78,1.27,0.00,0.00,0.00
1.36,0.92,0.00,0.00,0.00,0.96,1.20,0.00,0.00,0.00,0.83,1.28,0.00,0.00,0.00,0.69,1.31,0.00,0.00,0.00
1.28,0.98,0.00,0.00,0.00,0.87,1.25,0.00,0.00,0.00,0.73,1.33,0.00,0.00,0.00,0.60,1.35,0.00,0.00,0.00
1.20,1.04,0.00,0.00,0.00,0.78,1.30,0.00,0.00,0.00,0.64,1.36,0.00,0.00,0.00,0.50,1.39,0.00,0.00,0.00
1.11,1.09,0.00,0.00,0.00,0.68,1.35,0.00,0.00,0.00,0.54,1.40,0.00,0.00,0.00,0.40,1.43,0.00,0.00,0.00
1.02,1.15,0.00,0.00,0.00,0.58,1.39,0.00,0.00,0.00,0.45,1.44,0.00,0.00,0.00,0.31,1.46,0.00,0.00,0.00
0.93,1.19,0.00,0.00,0.00,0.49,1.43,0.00,0.00,0.00,0.36,1.47,0.00,0.00,0.00,0.21,1.49,0.00,0.00,0.00
0.83,1.24,0.00,0.00,0.00,0.39,1.47,0.00,0.00,0.00,0.26,1.50,0.00,0.00,0.00,0.12,1.52,0.00,0.00,0.00
0.73,1.28,0.00,0.00,0.00,0.29,1.50,0.00,0.00,0.00,0.17,1.53,0.00,0.00,0.00,0.03,1.55,0.00,0.00,0.00
0.64,1.32,0.00,0.00,0.00,0.19,1.53,0.00,0.00,0.00,0.08,1.56,0.00,0.00,0.00,0.00,1.57,0.00,0.00,0.00
0.54,1.36,0.00,0.00,0.00,0.10,1.57,0.00,0.00,0.00,0.00,1.58,0.00,0.00,0.00,0.00,1.59,0.00,0.00,0.00
0.44,1.40,0.00,0.00,0.00,0.00,1.59,0.00,0.00,0.00,0.00,1.60,0.00,0.00,0.00,0.00,1.62,0.00,0.00,0.00
0.34,1.43,0.00,0.00,0.00,0.00,1.62,0.00,0.00,0.00,0.00,1.63,0.00,0.00,0.00,0.00,1.64,0.00,0.00,0.00
0.25,1.46,0.00,0.00,0.00,0.00,1.65,0.00,0.00,0.00,0.00,1.65,0.00,0.00,0.00,0.00,1.65,0.00,0.00,0.00
0.15,1.49,0.00,0.00,0.00,0.00,1.67,0.00,0.00,0.00,0.00,1.66,0.00,0.00,0.00,0.00,1.67,0.00,0.00,0.00
0.06,1.52,0.00,0.00,0.00,0.00,1.69,0.00,0.00,0.00,0.00,1.68,0.00,0.00,0.00,0.00,1.69,0.00,0.00,0.00
0.00,1.55,0.00,0.00,0.00,0.00,1.71,0.00,0.00,0.00,0.00,1.70,0.00,0.00,0.00,0.00,1.70,0.00,0.00,0.00
0.00,1.57,0.00,0.00,0.00,0.00,1.73,0.00,0.00,0.00,0.00,1.71,0.07,0.00,0.00,0.00,1.72,0.00,0.00,0.00
0.00,1.59,0.01,0.00,0.00,0.00,1.75,0.04,0.00,0.00,0.00,1.72,0.17,0.00,0.00,0.00,1.73,0.00,0.00,0.00
0.00,1.61,0.12,0.00,0.00,0.00,1.76,0.14,0.00,0.00,0.00,1.73,0.26,0.00,0.00,0.00,1.74,0.00,0.00,0.00
0.00,1.63,0.22,0.00,0.00,0.00,1.77,0.24,0.00,0.00,0.00,1.72,0.36,0.00,0.00,0.00,1.75,0.00,0.00,0.00
0.00,1.64,0.32,0.00,0.00,0.00,1.77,0.34,0.00,0.00,0.00,1.70,0.44,0.00,0.00,0.00,1.76,0.00,0.00,0.00
0.00,1.63,0.41,0.00,0.00,0.00,1.75,0.42,0.00,0.00,0.00,1.67,0.53,0.00,0.00,0.00,1.76,0.00,0.00,0.00
0.00,1.61,0.50,0.00,0.00,0.00,1.73,0.51,0.00,0.00,0.00,1.63,0.60,0.00,0.00,0.00,1.77,0.04,0.00,0.00
0.00,1.58,0.59,0.00,0.00,0.00,1.69,0.59,0.00,0.00,0.00,1.58,0.68,0.00,0.00,0.00,1.78,0.14,0.00,0.00
0.00,1.54,0.67,0.00,0.00,0.00,1.65,0.67,0.00,0.00,0.00,1.53,0.75,0.00,0.00,0.00,1.78,0.24,0.00,0.00
0.00,1.49,0.75,0.00,0.00,0.00,1.59,0.74,0.00,0.00,0.00,1.47,0.82,0.00,0.00,0.00,1.76,0.33,0.00,0.00
0.00,1.43,0.82,0.00,0.00,0.00,1.53,0.81,0.00,0.00,0.00,1.40,0.88,0.00,0.00,0.00,1.74,0.42,0.00,0.00
0.00,1.37,0.89,0.00,0.00,0.00,1.47,0.88,0.00,0.00,0.00,1.33,0.95,0.00,0.00,0.00,1.71,0.51,0.00,0.00
0.00,1.30,0.96,0.00,0.00,0.00,1.40,0.94,0.00,0.00,0.00,1.25,1.00,0.00,0.00,0.00,1.66,0.59,0.00,0.00
0.00,1.22,1.02,0.00,0.00,0.00,1.32,1.00,0.00,0.00,0.00,1.17,1.06,0.00,0.00,0.00,1.61,0.66,0.00,0.00
0.00,1.15,1.08,0.00,0.00,0.00,1.24,1.06,0.00,0.00,0.00,1.08,1.11,0.00,0.00,0.00,1.55,0.74,0.00,0.00
0.00,1.06,1.14,0.00,0.00,0.00,1.16,1.11,0.00,0.00,0.00,1.00,1.16,0.00,0.00,0.00,1.49,0.81,0.00,0.00
0.00,0.98,1.19,0.00,0.00,0.00,1.07,1.16,0.00,0.00,0.00,0.91,1.21,0.00,0.00,0.00,1.42,0.87,0.00,0.00
0.00,0.89,1.24,0.00,0.00,0.00,0.98,1.21,0.00,0.00,0.00,0.81,1.25,0.00,0.00,0.00,1.34,0.93,0.00,0.00
0.00,0.79,1.29,0.00,0.00,0.00,0.89,1.26,0.00,0.00,0.00,0.72,1.29,0.00,0.00,0.00,1.26,0.99,0.00,0.00
0.00,0.70,1.34,0.00,0.00,0.00,0.79,1.30,0.00,0.00,0.00,0.63,1.33,0.00,0.00,0.00,1.17,1.05,0.00,0.00
0.00,0.61,1.38,0.00,0.00,0.00,0.70,1.34,0.00,0.00,0.00,0.53,1.37,0.00,0.00,0.00,1.09,1.10,0.00,0.00
0.00,0.51,1.42,0.00,0.00,0.00,0.61,1.38,0.00,0.00,0.00,0.44,1.41,0.00,0.00,0.00,0.99,1.15,0.00,0.00
0.00,0.41,1.46,0.00,0.00,0.00,0.51,1.41,0.00,0.00,0.00,0.34,1.44,0.00,0.00,0.00,0.90,1.20,0.00,0.00
0.00,0.32,1.49,0.00,0.00,0.00,0.41,1.45,0.00,0.00,0.00,0.25,1.47,0.00,0.00,0.00,0.81,1.25,0.00,0.00
0.00,0.22,1.53,0.00,0.00,0.00,0.32,1.48,0.00,0.00,0.00,0.16,1.50,0.00,0.00,0.00,0.71,1.29,0.00,0.00
0.00,0.12,1.56,0.00,0.00,0.00,0.22,1.51,0.00,0.00,0.00,0.06,1.53,0.00,0.00,0.00,0.61,1.33,0.00,0.00
0.00,0.03,1.59,0.00,0.00,0.00,0.13,1.54,0.00,0.00,0.00,0.00,1.55,0.00,0.00,0.00,0.51,1.37,0.00,0.00
0.00,0.00,1.62,0.00,0.00,0.00,0.04,1.56,0.00,0.00,0.00,0.00,1.58,0.00,0.00,0.00,0.42,1.40,0.00,0.00
0.00,0.00,1.64,0.00,0.00,0.00,0.00,1.59,0.00,0.00,0.00,0.00,1.60,0.00,0.00,0.00,0.32,1.44,0.00,0.00
0.00,0.00,1.66,0.00,0.00,0.00,0.00,1.61,0.00,0.00,0.00,0.00,1.62,0.00,0.00,0.00,0.22,1.47,0.00,0.00
0.00,0.00,1.69,0.00,0.00,0.00,0.00,1.63,0.00,0.00,0.00,0.00,1.64,0.00,0.00,0.00,0.13,1.50,0.00,0.00
0.00,0.00,1.71,0.00,0.00,0.00,0.00,1.65,0.00,0.00,0.00,0.00,1.65,0.00,0.00,0.00,0.03,1.53,0.00,0.00
0.00,0.00,1.73,0.00,0.00,0.00,0.00,1.67,0.00,0.00,0.00,0.00,1.67,0.00,0.00,0.00,0.00,1.55,0.00,0.00
0.00,0.00,1.74,0.00,0.00,0.00,0.00,1.69,0.00,0.00,0.00,0.00,1.69,0.00,0.00,0.00,0.00,1.58,0.08,0.00
0.00,0.00,1.76,0.00,0.00,0.00,0.00,1.70,0.01,0.00,0.00,0.00,1.70,0.00,0.00,0.00,0.00,1.60,0.19,0.00
0.00,0.00,1.77,0.00,0.00,0.00,0.00,1.71,0.11,0.00,0.00,0.00,1.71,0.00,0.00,0.00,0.00,1.61,0.29,0.00
0.00,0.00,1.79,0.07,0.00,0.00,0.00,1.73,0.21,0.00,0.00,0.00,1.72,0.00,0.00,0.00,0.00,1.61,0.38,0.00
0.00,0.00,1.80,0.18,0.00,0.00,0.00,1.72,0.30,0.00,0.00,0.00,1.73,0.00,0.00,0.00,0.00,1.60,0.47,0.00
0.00,0.00,1.80,0.27,0.00,0.00,0.00,1.71,0.39,0.00,0.00,0.00,1.74,0.00,0.00,0.00,0.00,1.57,0.56,0.00
0.00,0.00,1.79,0.36,0.00,0.00,0.00,1.69,0.47,0.00,0.00,0.00,1.75,0.00,0.00,0.00,0.00,1.54,0.64,0.00
0.00,0.00,1.77,0.45,0.00,0.00,0.00,1.65,0.55,0.00,0.00,0.00,1.76,0.08,0.00,0.00,0.00,1.49,0.72,0.00
0.00,0.00,1.74,0.54,0.00,0.00,0.00,1.61,0.63,0.00,0.00,0.00,1.76,0.18,0.00,0.00,0.00,1.44,0.79,0.00
0.00,0.00,1.70,0.62,0.00,0.00,0.00,1.56,0.70,0.00,0.00,0.00,1.76,0.28,0.00,0.00,0.00,1.38,0.86,0.00
0.00,0.00,1.65,0.69,0.00,0.00,0.00,1.50,0.77,0.00,0.00,0.00,1.74,0.37,0.00,0.00,0.00,1.32,0.93,0.00
0.00,0.00,1.59,0.76,0.00,0.00,0.00,1.44,0.84,0.00,0.00,0.00,1.71,0.46,0.00,0.00,0.00,1.25,0.99,0.00
0.00,0.00,1.52,0.83,0.00,0.00,0.00,1.37,0.90,0.00,0.00,0.00,1.68,0.54,0.00,0.00,0.00,1.17,1.06,0.00
0.00,0.00,1.46,0.90,0.00,0.00,0.00,1.30,0.96,0.00,0.00,0.00,1.63,0.62,0.00,0.00,0.00,1.09,1.11,0.00
0.00,0.00,1.38,0.96,0.00,0.00,0.00,1.22,1.02,0.00,0.00,0.00,1.58,0.70,0.00,0.00,0.00,1.01,1.17,0.00
0.00,0.00,1.30,1.02,0.00,0.00,0.00,1.14,1.07,0.00,0.00,0.00,1.51,0.77,0.00,0.00,0.00,0.92,1.22,0.00
0.00,0.00,1.22,1.07,0.00,0.00,0.00,1.05,1.12,0.00,0.00,0.00,1.45,0.84,0.00,0.00,0.00,0.83,1.27,0.00
0.00,0.00,1.13,1.13,0.00,0.00,0.00,0.96,1.17,0.00,0.00,0.00,1.37,0.90,0.00,0.00,0.00,0.74,1.31,0.00
0.00,0.00,1.04,1.18,0.00,0.00,0.00,0.87,1.22,0.00,0.00,0.00,1.29,0.96,0.00,0.00,0.00,0.65,1.36,0.00
0.00,0.00,0.95,1.22,0.00,0.00,0.00,0.78,1.26,0.00,0.00,0.00,1.21,1.02,0.00,0.00,0.00,0.55,1.40,0.00
0.00,0.00,0.86,1.27,0.00,0.00,0.00,0.69,1.30,0.00,0.00,0.00,1.13,1.08,0.00,0.00,0.00,0.46,1.44,0.00
0.00,0.00,0.76,1.31,0.00,0.00,0.00,0.60,1.34,0.00,0.00,0.00,1.04,1.13,0.00,0.00,0.00,0.36,1.47,0.00
0.00,0.00,0.66,1.35,0.00,0.00,0.00,0.50,1.37,0.00,0.00,0.00,0.94,1.18,0.00,0.00,0.00,0.27,1.51,0.00
0.00,0.00,0.57,1.39,0.00,0.00,0.00,0.41,1.41,0.00,0.00,0.00,0.85,1.22,0.00,0.00,0.00,0.17,1.54,0.00
0.00,0.00,0.47,1.42,0.00,0.00,0.00,0.31,1.44,0.00,0.00,0.00,0.75,1.27,0.00,0.00,0.00,0.08,1.57,0.00
0.00,0.00,0.38,1.46,0.00,0.00,0.00,0.22,1.47,0.00,0.00,0.00,0.66,1.31,0.00,0.00,0.00,0.00,1.60,0.00
0.00,0.00,0.28,1.49,0.00,0.00,0.00,0.13,1.50,0.00,0.00,0.00,0.56,1.35,0.00,0.00,0.00,0.00,1.62,0.00
0.00,0.00,0.18,1.52,0.00,0.00,0.00,0.04,1.52,0.00,0.00,0.00,0.46,1.39,0.00,0.00,0.00,0.00,1.65,0.00
0.00,0.00,0.09,1.54,0.00,0.00,0.00,0.00,1.55,0.00,0.00,0.00,0.37,1.42,0.00,0.00,0.00,0.00,1.67,0.00
0.00,0.00,0.00,1.57,0.00,0.00,0.00,0.00,1.57,0.00,0.00,0.00,0.27,1.45,0.00,0.00,0.00,0.00,1.69,0.00
0.00,0.00,0.00,1.59,0.00,0.00,0.00,0.00,1.59,0.00,0.00,0.00,0.17,1.49,0.00,0.00,0.00,0.00,1.71,0.00
0.00,0.00,0.00,1.61,0.00,0.00,0.00,0.00,1.61,0.00,0.00,0.00,0.07,1.51,0.00,0.00,0.00,0.00,1.73,0.00
0.00,0.00,0.00,1.64,0.00,0.00,0.00,0.00,1.63,0.00,0.00,0.00,0.00,1.54,0.01,0.00,0.00,0.00,1.74,0.00
0.00,0.00,0.00,1.65,0.00,0.00,0.00,0.00,1.65,0.00,0.00,0.00,0.00,1.57,0.12,0.00,0.00,0.00,1.76,0.00
0.00,0.00,0.00,1.67,0.00,0.00,0.00,0.00,1.66,0.00,0.00,0.00,0.00,1.59,0.22,0.00,0.00,0.00,1.77,0.00
0.00,0.00,0.00,1.69,0.00,0.00,0.00,0.00,1.68,0.00,0.00,0.00,0.00,1.60,0.32,0.00,0.00,0.00,1.79,0.00
0.00,0.00,0.00,1.70,0.02,0.00,0.00,0.00,1.69,0.00,0.00,0.00,0.00,1.59,0.41,0.00,0.00,0.00,1.80,0.01
0.00,0.00,0.00,1.72,0.12,0.00,0.00,0.00,1.70,0.00,0.00,0.00,0.00,1.58,0.50,0.00,0.00,0.00,1.81,0.11
0.00,0.00,0.00,1.73,0.22,0.00,0.00,0.00,1.71,0.00,0.00,0.00,0.00,1.55,0.58,0.00,0.00,0.00,1.81,0.21
0.00,0.00,0.00,1.72,0.31,0.00,0.00,0.00,1.72,0.00,0.00,0.00,0.00,1.51,0.66,0.00,0.00,0.00,1.81,0.30
0.00,0.00,0.00,1.71,0.40,0.00,0.00,0.00,1.73,0.05,0.00,0.00,0.00,1.47,0.74,0.00,0.00,0.00,1.79,0.40
0.00,0.00,0.00,1.68,0.48,0.00,0.00,0.00,1.74,0.15,0.00,0.00,0.00,1.42,0.81,0.00,0.00,0.00,1.77,0.48
0.00,0.00,0.00,1.65,0.56,0.00,0.00,0.00,1.74,0.25,0.00,0.00,0.00,1.36,0.88,0.00,0.00,0.00,1.73,0.56
0.00,0.00,0.00,1.61,0.64,0.00,0.00,0.00,1.73,0.34,0.00,0.00,0.00,1.29,0.95,0.00,0.00,0.00,1.68,0.64
0.00,0.00,0.00,1.55,0.71,0.00,0.00,0.00,1.70,0.43,0.00,0.00,0.00,1.22,1.01,0.00,0.00,0.00,1.63,0.72
0.00,0.00,0.00,1.50,0.78,0.00,0.00,0.00,1.67,0.52,0.00,0.00,0.00,1.14,1.07,0.00,0.00,0.00,1.57,0.79
0.00,0.00,0.00,1.43,0.84,0.00,0.00,0.00,1.63,0.60,0.00,0.00,0.00,1.06,1.12,0.00,0.00,0.00,1.50,0.85
0.00,0.00,0.00,1.36,0.90,0.00,0.00,0.00,1.58,0.67,0.00,0.00,0.00,0.98,1.18,0.00,0.00,0.00,1.42,0.92
0.00,0.00,0.00,1.29,0.96,0.00,0.00,0.00,1.52,0.75,0.00,0.00,0.00,0.89,1.23,0.00,0.00,0.00,1.35,0.98
0.00,0.00,0.00,1.21,1.02,0.00,0.00,0.00,1.45,0.82,0.00,0.00,0.00,0.81,1.27,0.00,0.00,0.00,1.26,1.04
0.00,0.00,0.00,1.13,1.07,0.00,0.00,0.00,1.38,0.88,0.00,0.00,0.00,0.72,1.32,0.00,0.00,0.00,1.18,1.09
0.00,0.00,0.00,1.04,1.12,0.00,0.00,0.00,1.30,0.95,0.00,0.00,0.00,0.62,1.36,0.00,0.00,0.00,1.09,1.14
0.00,0.00,0.00,0.96,1.17,0.00,0.00,0.00,1.22,1.01,0.00,0.00,0.00,0.53,1.40,0.00,0.00,0.00,1.00,1.19
0.00,0.00,0.00,0.87,1.21,0.00,0.00,0.00,1.14,1.06,0.00,0.00,0.00,0.44,1.44,0.00,0.00,0.00,0.90,1.24
0.00,0.00,0.00,0.78,1.25,0.00,0.00,0.00,1.05,1.12,0.00,0.00,0.00,0.34,1.47,0.00,0.00,0.00,0.81,1.28
0.00,0.00,0.00,0.68,1.29,0.00,0.00,0.00,0.96,1.17,0.00,0.00,0.00,0.25,1.51,0.00,0.00,0.00,0.71,1.32
0.00,0.00,0.00,0.59,1.33,0.00,0.00,0.00,0.87,1.21,0.00,0.00,0.00,0.16,1.54,0.00,0.00,0.00,0.61,1.36
0.00,0.00,0.00,0.50,1.37,0.00,0.00,0.00,0.77,1.26,0.00,0.00,0.00,0.06,1.57,0.00,0.00,0.00,0.52,1.40
0.00,0.00,0.00,0.40,1.40,0.00,0.00,0.00,0.68,1.30,0.00,0.00,0.00,0.00,1.59,0.00,0.00,0.00,0.42,1.43
0.00,0.00,0.00,0.31,1.43,0.00,0.00,0.00,0.58,1.34,0.00,0.00,0.00,0.00,1.62,0.00,0.00,0.00,0.32,1.47
0.00,0.00,0.00,0.22,1.46,0.00,0.00,0.00,0.48,1.38,0.00,0.00,0.00,0.00,1.64,0.00,0.00,0.00,0.23,1.50
0.00,0.00,0.00,0.13,1.49,0.00,0.00,0.00,0.38,1.42,0.00,0.00,0.00,0.00,1.66,0.00,0.00,0.00,0.13,1.52
0.00,0.00,0.00,0.04,1.51,0.00,0.00,0.00,0.29,1.45,0.00,0.00,0.00,0.00,1.68,0.00,0.00,0.00,0.04,1.55
0.00,0.00,0.00,0.00,1.54,0.00,0.00,0.00,0.19,1.48,0.00,0.00,0.00,0.00,1.70,0.00,0.00,0.00,0.00,1.58
0.00,0.00,0.00,0.00,1.56,0.00,0.00,0.00,0.09,1.51,0.00,0.00,0.00,0.00,1.72,0.00,0.00,0.00,0.00,1.60
0.00,0.00,0.00,0.00,1.58,0.00,0.00,0.00,0.00,1.54,0.02,0.00,0.00,0.00,1.74,0.00,0.00,0.00,0.00,1.62
0.00,0.00,0.00,0.00,1.60,0.00,0.00,0.00,0.00,1.56,0.12,0.00,0.00,0.00,1.75,0.00,0.00,0.00,0.00,1.64
0.00,0.00,0.00,0.00,1.62,0.00,0.00,0.00,0.00,1.59,0.22,0.00,0.00,0.00,1.76,0.00,0.00,0.00,0.00,1.66
0.00,0.00,0.00,0.00,1.64,0.00,0.00,0.00,0.00,1.59,0.32,0.00,0.00,0.00,1.78,0.00,0.00,0.00,0.00,1.68
0.00,0.00,0.00,0.00,1.65,0.00,0.00,0.00,0.00,1.59,0.41,0.00,0.00,0.00,1.79,0.00,0.00,0.00,0.00,1.69
0.00,0.00,0.00,0.00,1.66,0.00,0.00,0.00,0.00,1.57,0.50,0.00,0.00,0.00,1.80,0.00,0.00,0.00,0.00,1.71
0.02,0.00,0.00,0.00,1.68,0.00,0.00,0.00,0.00,1.55,0.58,0.00,0.00,0.00,1.80,0.06,0.00,0.00,0.00,1.72
0.12,0.00,0.00,0.00,1.69,0.00,0.00,0.00,0.00,1.51,0.66,0.00,0.00,0.00,1.81,0.17,0.00,0.00,0.00,1.73
0.22,0.00,0.00,0.00,1.70,0.06,0.00,0.00,0.00,1.47,0.74,0.00,0.00,0.00,1.81,0.26,0.00,0.00,0.00,1.73
0.31,0.00,0.00,0.00,1.71,0.16,0.00,0.00,0.00,1.42,0.81,0.00,0.00,0.00,1.80,0.35,0.00,0.00,0.00,1.71
0.40,0.00,0.00,0.00,1.71,0.26,0.00,0.00,0.00,1.36,0.88,0.00,0.00,0.00,1.77,0.44,0.00,0.00,0.00,1.69
0.48,0.00,0.00,0.00,1.70,0.35,0.00,0.00,0.00,1.29,0.94,0.00,0.00,0.00,1.74,0.53,0.00,0.00,0.00,1.65
0.56,0.00,0.00,0.00,1.68,0.44,0.00,0.00,0.00,1.22,1.00,0.00,0.00,0.00,1.69,0.61,0.00,0.00,0.00,1.61
0.63,0.00,0.00,0.00,1.64,0.52,0.00,0.00,0.00,1.15,1.06,0.00,0.00,0.00,1.64,0.68,0.00,0.00,0.00,1.56
0.70,0.00,0.00,0.00,1.60,0.61,0.00,0.00,0.00,1.07,1.12,0.00,0.00,0.00,1.58,0.76,0.00,0.00,0.00,1.50
0.77,0.00,0.00,0.00,1.55,0.68,0.00,0.00,0.00,0.99,1.17,0.00,0.00,0.00,1.52,0.82,0.00,0.00,0.00,1.43
0.84,0.00,0.00,0.00,1.49,0.76,0.00,0.00,0.00,0.90,1.22,0.00,0.00,0.00,1.44,0.89,0.00,0.00,0.00,1.36
0.90,0.00,0.00,0.00,1.43,0.83,0.00,0.00,0.00,0.81,1.27,0.00,0.00,0.00,1.37,0.95,0.00,0.00,0.00,1.29
0.96,0.00,0.00,0.00,1.36,0.89,0.00,0.00,0.00,0.72,1.31,0.00,0.00,0.00,1.29,1.01,0.00,0.00,0.00,1.21
1.01,0.00,0.00,0.00,1.28,0.95,0.00,0.00,0.00,0.63,1.35,0.00,0.00,0.00,1.20,1.07,0.00,0.00,0.00,1.13
1.07,0.00,0.00,0.00,1.20,1.01,0.00,0.00,0.00,0.54,1.39,0.00,0.00,0.00,1.11,1.12,0.00,0.00,0.00,1.05
1.11,0.00,0.00,0.00,1.12,1.07,0.00,0.00,0.00,0.45,1.43,0.00,0.00,0.00,1.02,1.17,0.00,0.00,0.00,0.96
1.16,0.00,0.00,0.00,1.03,1.12,0.00,0.00,0.00,0.36,1.46,0.00,0.00,0.00,0.93,1.22,0.00,0.00,0.00,0.87
1.21,0.00,0.00,0.00,0.94,1.18,0.00,0.00,0.00,0.26,1.50,0.00,0.00,0.00,0.83,1.26,0.00,0.00,0.00,0.78
1.25,0.00,0.00,0.00,0.85,1.22,0.00,0.00,0.00,0.17,1.53,0.00,0.00,0.00,0.73,1.31,0.00,0.00,0.00,0.69
1.29,0.00,0.00,0.00,0.75,1.27,0.00,0.00,0.00,0.08,1.56,0.00,0.00,0.00,0.64,1.35,0.00,0.00,0.00,0.59
1.33,0.00,0.00,0.00,0.66,1.31,0.00,0.00,0.00,0.00,1.58,0.00,0.00,0.00,0.54,1.38,0.00,0.00,0.00,0.50
1.36,0.00,0.00,0.00,0.56,1.35,0.00,0.00,0.00,0.00,1.61,0.00,0.00,0.00,0.44,1.42,0.00,0.00,0.00,0.41
1.39,0.00,0.00,0.00,0.46,1.39,0.00,0.00,0.00,0.00,1.63,0.00,0.00,0.00,0.34,1.45,0.00,0.00,0.00,0.32
1.43,0.00,0.00,0.00,0.37,1.43,0.00,0.00,0.00,0.00,1.65,0.00,0.00,0.00,0.25,1.48,0.00,0.00,0.00,0.22
1.46,0.00,0.00,0.00,0.27,1.46,0.00,0.00,0.00,0.00,1.67,0.00,0.00,0.00,0.15,1.51,0.00,0.00,0.00,0.13
1.48,0.00,0.00,0.00,0.17,1.49,0.00,0.00,0.00,0.00,1.69,0.00,0.00,0.00,0.05,1.54,0.00,0.00,0.00,0.04
1.51,0.00,0.00,0.00,0.08,1.52,0.00,0.00,0.00,0.00,1.71,0.00,0.00,0.00,0.00,1.57,0.00,0.00,0.00,0.00
1.53,0.00,0.00,0.00,0.00,1.55,0.00,0.00,0.00,0.00,1.72,0.00,0.00,0.00,0.00,1.59,0.00,0.00,0.00,0.00
1.56,0.00,0.00,0.00,0.00,1.58,0.10,0.00,0.00,0.00,1.74,0.00,0.00,0.00,0.00,1.61,0.00,0.00,0.00,0.00
1.58,0.00,0.00,0.00,0.00,1.60,0.20,0.00,0.00,0.00,1.75,0.00,0.00,0.00,0.00,1.63,0.00,0.00,0.00,0.00
1.60,0.00,0.00,0.00,0.00,1.61,0.29,0.00,0.00,0.00,1.76,0.00,0.00,0.00,0.00,1.65,0.00,0.00,0.00,0.00
1.61,0.00,0.00,0.00,0.00,1.61,0.39,0.00,0.00,0.00,1.77,0.00,0.00,0.00,0.00,1.67,0.00,0.00,0.00,0.00
1.63,0.00,0.00,0.00,0.00,1.60,0.47,0.00,0.00,0.00,1.78,0.00,0.00,0.00,0.00,1.69,0.00,0.00,0.00,0.00
1.64,0.00,0.00,0.00,0.00,1.57,0.56,0.00,0.00,0.00,1.79,0.00,0.00,0.00,0.00,1.70,0.00,0.00,0.00,0.00